Date,USD,EUR,JPY,GBP,CAD,CHF,INR,CNY,USD,TRY,SAR,IDR,AED,THB,VND,EGP,KRW,EUR,RUB,USD,ZAR,CNY,CAD,AUD,G5 CCY,PROD IDX,CONS IDX
1/1/2015,"1,206.0",996.7,"144,593.4",773.4,"1,396.8","1,198.3","76,125.7","7,482.0","1,206.0","2,819.3","4,525.5","14,936,310.0","4,429.6","39,677.4","25,793,325.0","8,623.0","1,325,574.8",996.7,"72,360.0","1,206.0","13,951.9","7,482.0","1,396.8","1,473.7",#N/A,568.0,685.9
1/2/2015,"1,172.0",974.2,"140,880.2",761.6,"1,372.5","1,171.0","74,187.6","7,271.1","1,172.0","2,744.8","4,400.3","14,699,810.0","4,304.8","38,558.8","25,066,150.0","8,379.9","1,293,126.0",974.2,"68,942.9","1,172.0","13,724.4","7,271.1","1,372.5","1,442.6",#N/A,550.5,667.9
1/5/2015,"1,200.0","1,005.3","143,514.0",787.4,"1,414.6","1,207.8","76,014.0","7,464.0","1,200.0","2,795.9","4,504.5","15,153,000.0","4,407.7","39,558.0","25,665,000.0","8,580.1","1,331,639.9","1,005.3","71,613.6","1,200.0","14,037.0","7,464.0","1,414.6","1,481.9",#N/A,566.7,683.2
1/6/2015,"1,210.3","1,015.4","143,674.8",797.8,"1,426.8","1,219.6","76,996.1","7,519.3","1,210.3","2,806.6","4,542.1","15,318,739.4","4,445.3","39,814.8","25,943,524.1","8,653.3","1,329,798.2","1,015.4","74,657.3","1,210.3","14,153.3","7,519.3","1,426.8","1,491.6",#N/A,577.7,689.1
1/7/2015,"1,210.5","1,025.5","144,600.3",803.7,"1,436.1","1,231.7","76,570.2","7,520.2","1,210.5","2,819.1","4,544.1","15,419,954.3","4,446.2","39,825.4","25,953,120.0","8,655.1","1,331,550.0","1,025.5","75,626.0","1,210.5","14,207.6","7,520.2","1,436.1","1,505.4",#N/A,581.5,688.9
1/8/2015,"1,215.5","1,030.7","145,464.9",806.0,"1,436.7","1,238.1","76,260.5","7,553.7","1,215.5","2,798.3","4,563.9","15,415,578.8","4,464.6","39,983.9","25,996,506.3","8,690.9","1,333,178.6","1,030.7","73,075.9","1,215.5","14,103.8","7,553.7","1,436.7","1,499.0",#N/A,574.0,686.8
1/9/2015,"1,217.8","1,029.0","144,747.8",803.8,"1,443.4","1,235.7","75,969.3","7,560.5","1,217.8","2,789.6","4,572.3","15,406,364.1","4,472.9","40,057.9","26,023,317.5","8,707.0","1,326,957.7","1,029.0","74,590.8","1,217.8","13,996.8","7,560.5","1,443.4","1,487.3",#N/A,576.7,685.2
1/12/2015,"1,226.5","1,037.8","145,518.1",810.2,"1,463.5","1,246.4","76,331.2","7,608.7","1,226.5","2,802.8","4,603.4","15,450,833.8","4,505.0","40,327.3","26,179,642.5","8,769.5","1,326,520.8","1,037.8","77,202.0","1,226.5","14,139.7","7,608.7","1,463.5","1,503.3",#N/A,587.0,688.8
1/13/2015,"1,231.5","1,045.3","145,938.9",811.5,"1,469.4","1,255.4","76,519.2","7,633.2","1,231.5","2,807.8","4,622.1","15,513,821.3","4,523.4","40,467.1","26,286,367.5","8,805.3","1,334,145.3","1,045.3","81,001.9","1,231.5","14,161.6","7,633.2","1,469.4","1,510.3",#N/A,598.2,690.6
1/14/2015,"1,235.0","1,047.7","144,365.3",811.8,"1,476.8","1,258.3","76,786.1","7,651.7","1,235.0","2,815.6","4,635.0","15,577,055.0","4,536.2","40,501.8","26,354,900.0","8,830.3","1,336,208.2","1,047.7","81,544.6","1,235.0","14,123.5","7,651.7","1,476.8","1,513.7",#N/A,599.8,692.7
1/15/2015,"1,259.0","1,086.5","147,133.0",830.1,"1,500.3","1,144.4","78,051.7","7,790.8","1,259.0","2,889.5","4,725.7","15,813,040.0","4,624.4","41,251.1","26,873,355.0","9,001.9","1,363,811.8","1,086.5","81,501.3","1,259.0","14,481.6","7,790.8","1,500.3","1,530.3",#N/A,607.4,707.4
1/16/2015,"1,277.5","1,111.1","150,272.3",845.2,"1,529.4","1,090.1","79,211.4","7,928.9","1,277.5","2,981.7","4,796.5","16,080,531.3","4,692.3","41,704.0","27,261,850.0","9,134.2","1,376,084.6","1,111.1","83,142.2","1,277.5","14,807.8","7,928.9","1,529.4","1,557.9",#N/A,619.2,722.5
1/19/2015,"1,273.8","1,095.1","149,729.3",840.3,"1,523.1","1,114.7","78,647.7","7,923.1","1,273.8","2,974.3","4,783.2","16,072,814.4","4,678.5","41,511.5","27,200,931.3","9,234.8","1,373,153.2","1,095.1","82,551.7","1,273.8","14,835.4","7,923.1","1,523.1","1,549.9",#N/A,617.3,719.2
1/20/2015,"1,288.8","1,113.6","152,517.1",848.3,"1,558.0","1,130.9","79,535.2","8,008.5","1,288.8","3,035.8","4,839.8","16,217,630.0","4,733.6","42,167.9","27,527,700.0","9,407.9","1,402,546.4","1,113.6","84,371.9","1,288.8","14,988.4","8,008.5","1,558.0","1,575.8",#N/A,626.8,729.8
1/21/2015,"1,293.5","1,116.4","152,329.0",855.8,"1,589.1","1,114.5","79,699.0","8,034.6","1,293.5","3,018.3","4,859.5","16,142,880.0","4,751.1","42,174.6","27,655,030.0","9,507.3","1,401,248.3","1,116.4","84,371.1","1,293.5","14,847.8","8,034.6","1,589.1","1,587.4",#N/A,626.4,729.5
1/22/2015,"1,295.8","1,135.0","152,794.8",858.9,"1,597.7","1,127.8","79,915.4","8,046.0","1,295.8","3,010.0","4,867.8","16,180,678.1","4,759.4","42,241.4","27,677,220.0","9,588.6","1,405,823.9","1,135.0","83,269.1","1,295.8","14,763.1","8,046.0","1,597.7","1,598.1",#N/A,623.3,730.4
1/23/2015,"1,294.8","1,150.9","152,553.9",861.7,"1,605.7","1,135.9","79,672.4","8,064.7","1,294.8","3,035.9","4,863.7","16,148,769.4","4,755.7","42,221.8","27,642,912.5","9,581.2","1,403,573.5","1,150.9","82,687.9","1,294.8","14,750.0","8,064.7","1,605.7","1,629.3",#N/A,623.0,732.3
1/26/2015,"1,281.3","1,138.3","151,744.8",851.3,"1,593.2","1,150.6","78,841.7","8,013.2","1,281.3","3,010.9","4,816.2","16,028,437.5","4,706.1","41,749.5","27,348,281.3","9,532.6","1,384,838.9","1,138.3","84,809.1","1,281.3","14,655.9","8,013.2","1,593.2","1,617.0",#N/A,625.7,725.6
1/27/2015,"1,288.5","1,130.2","151,392.3",847.5,"1,596.5","1,163.1","79,133.2","8,044.7","1,288.5","3,041.3","4,844.8","16,075,970.3","4,732.7","41,934.2","27,503,032.5","9,586.5","1,391,322.0","1,130.2","86,540.8","1,288.5","14,857.7","8,044.7","1,596.5","1,620.2",#N/A,633.4,729.7
1/28/2015,"1,288.0","1,135.7","151,655.6",848.5,"1,602.7","1,165.7","79,002.7","8,047.4","1,288.0","3,061.6","4,842.2","16,081,968.0","4,730.9","41,908.9","27,492,360.0","9,621.4","1,396,642.6","1,135.7","87,165.4","1,288.0","14,837.0","8,047.4","1,602.7","1,618.0",#N/A,634.8,731.1
1/29/2015,"1,268.8","1,119.0","149,795.0",841.6,"1,594.8","1,165.5","78,427.8","7,925.8","1,268.8","3,053.7","4,769.2","15,945,015.6","4,660.2","41,488.1","27,087,812.5","9,629.9","1,387,504.8","1,119.0","87,670.6","1,268.8","14,617.3","7,925.8","1,594.8","1,629.2",#N/A,631.6,725.6
1/30/2015,"1,260.3","1,116.8","148,035.3",839.1,"1,597.9","1,159.5","78,053.6","7,877.8","1,260.3","3,073.9","4,738.9","15,964,216.9","4,629.0","41,248.0","26,861,598.6","9,565.4","1,378,209.2","1,116.8","88,627.1","1,260.3","14,658.0","7,877.8","1,597.9","1,618.3",#N/A,633.0,724.9
2/2/2015,"1,272.5","1,121.8","149,213.3",846.3,"1,601.8","1,176.4","78,723.2","7,965.5","1,272.5","3,094.3","4,778.9","16,141,662.5","4,674.0","41,445.3","27,102,977.5","9,709.2","1,403,758.3","1,121.8","87,414.4","1,272.5","14,673.8","7,965.5","1,601.8","1,627.3",#N/A,632.1,730.8
2/3/2015,"1,264.3","1,104.3","148,581.0",836.5,"1,579.0","1,168.2","78,018.4","7,911.8","1,264.3","3,034.7","4,745.0","15,997,819.5","4,643.7","41,271.4","26,991,737.5","9,646.3","1,387,451.1","1,104.3","83,879.8","1,264.3","14,415.0","7,911.8","1,579.0","1,644.0",#N/A,619.4,721.7
2/4/2015,"1,268.5","1,110.3","149,067.8",833.8,"1,594.3","1,173.8","78,412.3","7,925.2","1,268.5","3,100.2","4,761.0","16,014,812.5","4,659.3","41,378.5","27,069,790.0","9,672.4","1,375,878.4","1,110.3","85,953.6","1,268.5","14,513.6","7,925.2","1,594.3","1,636.8",#N/A,626.2,729.2
2/5/2015,"1,259.3","1,101.7","147,924.1",823.7,"1,564.1","1,164.9","77,708.3","7,873.0","1,259.3","3,069.1","4,726.2","15,907,475.6","4,625.3","41,101.9","26,801,877.0","9,608.1","1,373,810.1","1,101.7","84,054.9","1,259.3","14,178.5","7,873.0","1,564.1","1,613.0",#N/A,615.3,722.7
2/6/2015,"1,241.0","1,093.9","147,703.8",812.9,"1,549.8","1,148.0","76,603.8","7,749.7","1,241.0","3,063.7","4,657.1","15,654,594.5","4,558.3","40,382.1","26,410,962.0","9,468.9","1,352,367.3","1,093.9","83,159.4","1,241.0","14,247.8","7,749.7","1,549.8","1,589.5",#N/A,610.1,715.7
2/9/2015,"1,238.5","1,092.6","146,855.1",812.6,"1,543.4","1,145.7","76,979.0","7,737.2","1,238.5","3,075.3","4,646.6","15,663,928.8","4,549.1","40,412.2","26,429,590.0","9,449.8","1,356,213.1","1,092.6","81,331.0","1,238.5","14,373.1","7,737.2","1,543.4","1,583.5",#N/A,606.0,717.8
2/10/2015,"1,234.5","1,090.2","147,245.0",809.0,"1,545.3","1,143.0","76,643.9","7,705.3","1,234.5","3,081.1","4,631.6","15,641,115.0","4,534.4","40,269.4","26,338,057.5","9,419.3","1,345,296.4","1,090.2","81,863.1","1,234.5","14,421.1","7,705.3","1,545.3","1,587.0",#N/A,607.5,716.4
2/11/2015,"1,223.8","1,082.5","147,315.0",801.6,"1,548.6","1,133.7","76,190.7","7,639.5","1,223.8","3,067.4","4,590.8","15,562,428.8","4,494.9","39,943.2","26,114,825.0","9,337.3","1,342,943.1","1,082.5","81,757.5","1,223.8","14,540.6","7,639.5","1,548.6","1,586.6",#N/A,607.0,712.1
2/12/2015,"1,222.5","1,075.0","145,465.3",795.6,"1,528.9","1,135.1","76,106.7","7,635.0","1,222.5","3,023.9","4,586.5","15,641,887.5","4,490.3","39,951.3","26,088,150.0","9,327.7","1,357,891.9","1,075.0","80,650.2","1,222.5","14,383.9","7,635.0","1,528.9","1,584.9",#N/A,602.2,707.8
2/13/2015,"1,232.5","1,080.9","146,266.9",800.6,"1,534.5","1,147.1","76,612.2","7,691.4","1,232.5","3,033.4","4,624.3","15,760,593.8","4,527.0","40,185.7","26,289,225.0","9,404.0","1,351,805.8","1,080.9","77,850.9","1,232.5","14,363.9","7,691.4","1,534.5","1,585.4",#N/A,595.8,711.8
2/16/2015,"1,229.3","1,077.9","145,635.4",799.3,"1,534.0","1,142.6","76,477.8","7,681.0","1,229.3","3,011.7","4,611.6","15,676,010.6","4,515.1","40,085.8","26,219,902.5","9,379.2","1,355,063.6","1,077.9","77,664.0","1,229.3","14,319.2","7,681.0","1,534.0","1,580.8",#N/A,594.3,709.1
2/17/2015,"1,209.5","1,061.1","143,912.3",788.7,"1,503.1","1,130.2","75,249.0","7,565.5","1,209.5","2,966.7","4,537.3","15,444,710.3","4,442.6","39,381.3","25,798,635.0","9,228.5","1,332,808.5","1,061.1","76,452.5","1,209.5","14,096.1","7,565.5","1,503.1","1,550.1",#N/A,584.8,698.1
2/18/2015,"1,206.0","1,061.5","143,688.9",780.6,"1,499.2","1,137.9","75,176.0","7,543.6","1,206.0","2,959.9","4,524.2","15,488,055.0","4,429.7","39,283.0","25,723,980.0","9,201.8","1,328,951.6","1,061.5","73,939.9","1,206.0","14,075.8","7,543.6","1,499.2","1,547.5",#N/A,577.3,696.8
2/19/2015,"1,209.5","1,061.9","143,936.5",783.4,"1,513.8","1,146.0","75,394.2","7,565.5","1,209.5","2,957.3","4,537.5","15,533,003.8","4,442.4","39,369.2","25,798,635.0","9,228.5","1,332,808.5","1,061.9","75,330.7","1,209.5","14,076.2","7,565.5","1,513.8","1,552.3",#N/A,581.7,697.8
2/20/2015,"1,208.3","1,062.8","143,491.8",786.1,"1,511.6","1,140.8","75,165.2","7,557.7","1,208.3","2,967.2","4,532.6","15,480,703.1","4,437.8","39,340.6","25,771,972.5","9,219.0","1,331,431.0","1,062.8","74,908.8","1,208.3","14,055.0","7,557.7","1,511.6","1,542.9",#N/A,579.8,697.7
2/23/2015,"1,204.5","1,060.8","143,209.0",779.5,"1,515.2","1,141.4","74,975.6","7,534.3","1,204.5","2,978.8","4,518.0","15,459,155.3","4,424.1","39,258.3","25,691,985.0","9,190.4","1,335,429.1","1,060.8","76,214.7","1,204.5","13,999.6","7,534.3","1,515.2","1,543.2",#N/A,582.2,697.5
2/24/2015,"1,192.5","1,051.9","142,163.9",771.5,"1,500.8","1,131.6","74,274.8","7,459.2","1,192.5","2,944.5","4,472.6","15,380,268.8","4,380.0","38,849.3","25,447,950.0","9,098.8","1,323,496.0","1,051.9","74,924.8","1,192.5","13,729.0","7,459.2","1,500.8","1,525.8",#N/A,573.5,690.4
2/25/2015,"1,204.8","1,060.8","143,178.5",777.7,"1,498.6","1,143.4","74,700.5","7,541.5","1,204.8","2,995.2","4,518.4","15,509,349.1","4,425.0","39,190.5","25,739,483.8","9,192.3","1,324,080.3","1,060.8","75,019.8","1,204.8","13,771.8","7,541.5","1,498.6","1,527.1",#N/A,576.0,698.0
2/26/2015,"1,208.3","1,077.5","144,222.7",784.2,"1,508.6","1,152.0","74,609.4","7,562.3","1,208.3","3,016.1","4,531.4","15,510,909.4","4,437.8","39,038.6","25,814,261.3","9,219.0","1,325,691.8","1,077.5","73,642.8","1,208.3","13,908.0","7,562.3","1,508.6","1,544.0",#N/A,574.9,700.3
2/27/2015,"1,214.0","1,082.3","145,127.6",785.6,"1,515.9","1,150.9","75,031.3","7,611.3","1,214.0","3,053.2","4,552.8","15,690,950.0","4,458.7","39,248.6","25,915,865.0","9,262.9","1,332,425.5","1,082.3","75,042.5","1,214.0","14,146.7","7,611.3","1,515.9","1,550.9",#N/A,582.4,705.9
3/2/2015,"1,212.5","1,083.0","145,663.7",789.2,"1,519.0","1,160.4","75,117.4","7,606.0","1,212.5","3,052.7","4,547.2","15,723,093.8","4,453.5","39,212.2","25,883,843.8","9,251.4","1,334,416.6","1,083.0","75,447.8","1,212.5","14,223.2","7,606.0","1,519.0","1,558.0",#N/A,584.5,706.1
3/3/2015,"1,212.8","1,084.3","145,026.7",789.0,"1,510.8","1,164.3","75,072.3","7,609.2","1,212.8","3,073.7","4,548.2","15,723,910.1","4,454.4","39,220.3","25,889,180.6","9,253.3","1,329,719.7","1,084.3","75,330.0","1,212.8","14,264.9","7,609.2","1,510.8","1,548.6",#N/A,584.3,707.8
3/4/2015,"1,199.5","1,083.8","143,538.2",785.5,"1,494.2","1,153.9","74,560.9","7,521.9","1,199.5","3,076.1","4,498.5","15,572,508.8","4,405.8","38,791.8","25,627,317.5","9,152.2","1,316,643.1","1,083.8","74,621.5","1,199.5","14,187.7","7,521.9","1,494.2","1,533.8",#N/A,579.1,704.5
3/5/2015,"1,202.0","1,089.8","144,444.3",789.0,"1,500.8","1,168.3","74,776.4","7,532.0","1,202.0","3,133.0","4,507.9","15,613,980.0","4,415.0","38,986.9","25,668,710.0","9,171.3","1,323,762.4","1,089.8","73,099.6","1,202.0","14,188.3","7,532.0","1,500.8","1,545.9",#N/A,575.8,710.5
3/6/2015,"1,175.8","1,082.5","142,436.2",780.6,"1,481.0","1,156.4","73,143.4","7,363.6","1,175.8","3,103.9","4,409.4","15,254,768.4","4,318.6","38,135.4","25,102,262.5","8,971.0","1,291,796.5","1,082.5","70,980.0","1,175.8","14,182.7","7,363.6","1,481.0","1,520.6",#N/A,565.4,698.7
3/9/2015,"1,168.5","1,077.4","141,639.7",774.0,"1,472.1","1,153.5","73,083.8","7,320.0","1,168.5","3,042.7","4,382.1","15,248,925.0","4,292.0","38,034.7","24,953,317.5","8,915.7","1,299,547.2","1,077.4","70,548.2","1,168.5","14,127.2","7,320.0","1,472.1","1,514.5",#N/A,562.4,692.3
3/10/2015,"1,162.0","1,085.2","140,863.4",770.4,"1,468.0","1,161.5","72,827.1","7,276.4","1,162.0","3,064.6","4,357.8","15,212,323.0","4,268.0","37,991.6","24,820,320.0","8,866.1","1,304,519.2","1,085.2","72,358.0","1,162.0","14,336.2","7,276.4","1,468.0","1,521.4",#N/A,568.9,692.6
3/11/2015,"1,150.0","1,087.4","139,719.2",769.4,"1,467.7","1,158.4","72,237.2","7,201.6","1,150.0","2,999.4","4,313.1","15,169,075.0","4,224.0","37,863.7","24,558,250.0","8,774.6","1,295,475.0","1,087.4","71,456.1","1,150.0","14,119.7","7,201.6","1,467.7","1,516.9",#N/A,562.3,683.6
3/12/2015,"1,152.3","1,085.3","139,739.1",773.0,"1,462.3","1,156.3","72,070.3","7,215.9","1,152.3","2,985.5","4,321.5","15,189,535.6","4,232.3","37,805.3","24,617,821.3","8,791.7","1,297,952.0","1,085.3","70,429.3","1,152.3","14,129.8","7,215.9","1,462.3","1,495.5",#N/A,559.1,682.0
3/13/2015,"1,152.0","1,094.9","139,605.1",780.9,"1,474.9","1,158.0","72,553.0","7,210.9","1,152.0","3,034.0","4,320.7","15,200,640.0","4,231.4","37,923.8","24,641,280.0","8,789.8","1,300,147.0","1,094.9","71,043.8","1,152.0","14,370.5","7,210.9","1,474.9","1,509.8",#N/A,563.9,688.1
3/16/2015,"1,150.8","1,087.8","139,591.7",777.5,"1,469.0","1,159.0","72,320.6","7,206.5","1,150.8","3,025.3","4,316.2","15,238,231.5","4,226.8","37,894.2","24,718,110.0","8,780.3","1,302,188.5","1,087.8","71,784.9","1,150.8","14,294.9","7,206.5","1,469.0","1,503.1",#N/A,564.6,686.2
3/17/2015,"1,150.8","1,085.2","139,568.7",780.3,"1,469.3","1,155.6","72,164.0","7,192.1","1,150.8","3,004.6","4,316.2","15,155,377.5","4,226.8","37,871.2","24,712,356.3","8,780.3","1,299,081.6","1,085.2","70,961.0","1,150.8","14,263.0","7,192.1","1,469.3","1,511.5",#N/A,562.3,683.7
3/18/2015,"1,147.3","1,077.9","138,708.3",781.2,"1,465.2","1,141.4","71,949.8","7,146.7","1,147.3","3,003.7","4,302.8","15,109,282.5","4,213.8","37,761.7","24,677,347.5","8,753.6","1,296,220.2","1,077.9","69,922.2","1,147.3","14,145.6","7,146.7","1,465.2","1,499.0",#N/A,557.0,681.9
3/19/2015,"1,166.0","1,097.6","141,010.2",791.7,"1,486.0","1,157.0","72,918.7","7,224.7","1,166.0","3,037.9","4,373.1","15,198,810.0","4,282.8","38,174.8","25,051,510.0","8,896.6","1,302,596.8","1,097.6","69,648.1","1,166.0","14,370.1","7,224.7","1,486.0","1,530.5",#N/A,562.1,690.7
3/20/2015,"1,183.1","1,096.0","142,279.6",792.9,"1,490.0","1,155.3","73,890.5","7,342.6","1,183.1","3,047.3","4,437.4","15,517,537.7","4,345.6","38,746.5","25,430,731.4","9,027.1","1,328,680.1","1,096.0","70,132.3","1,183.1","14,240.3","7,342.6","1,490.0","1,524.5",#N/A,564.2,697.1
3/23/2015,"1,186.3","1,085.7","142,071.2",794.3,"1,484.7","1,147.0","73,861.9","7,373.7","1,186.3","3,022.2","4,449.1","15,444,381.9","4,357.0","38,606.5","25,534,031.3","9,051.1","1,322,253.4","1,085.7","69,686.3","1,186.3","14,128.2","7,373.7","1,484.7","1,511.7",#N/A,561.8,695.1
3/24/2015,"1,191.5","1,092.5","142,890.6",801.3,"1,490.7","1,142.1","74,141.1","7,393.6","1,191.5","3,056.8","4,468.7","15,376,307.5","4,376.4","38,723.8","25,664,910.0","9,091.2","1,316,071.1","1,092.5","68,862.4","1,191.5","14,105.8","7,393.6","1,490.7","1,514.1",#N/A,560.0,699.7
3/25/2015,"1,195.6","1,088.1","142,712.8",801.6,"1,496.0","1,145.1","74,581.5","7,427.7","1,195.6","3,076.0","4,484.3","15,526,059.7","4,391.4","38,928.7","25,711,374.9","9,122.5","1,315,936.9","1,088.1","68,866.5","1,195.6","14,173.2","7,427.7","1,496.0","1,521.6",#N/A,561.7,703.4
3/26/2015,"1,203.2","1,101.9","143,210.9",810.7,"1,500.4","1,156.2","75,491.6","7,474.4","1,203.2","3,117.7","4,513.2","15,662,003.9","4,418.6","39,138.5","25,885,770.2","9,180.1","1,333,029.9","1,101.9","69,029.8","1,203.2","14,350.0","7,474.4","1,500.4","1,535.9",#N/A,565.7,711.5
3/27/2015,"1,195.8","1,098.0","142,485.6",803.7,"1,504.2","1,146.1","74,701.5","7,433.6","1,195.8","3,118.3","4,485.0","15,622,473.8","4,391.7","38,981.4","25,750,476.3","9,123.6","1,319,390.4","1,098.0","69,091.9","1,195.8","14,369.6","7,433.6","1,504.2","1,542.5",#N/A,565.4,707.8
3/30/2015,"1,185.5","1,094.6","142,254.1",800.8,"1,504.9","1,147.0","74,277.5","7,359.2","1,185.5","3,084.1","4,446.9","15,500,412.5","4,354.0","38,599.9","25,541,597.5","9,045.4","1,309,977.5","1,094.6","68,525.4","1,185.5","14,386.9","7,359.2","1,504.9","1,551.8",#N/A,562.9,701.9
3/31/2015,"1,187.0","1,105.2","142,351.0",799.6,"1,503.3","1,152.9","74,283.9","7,358.9","1,187.0","3,082.0","4,452.6","15,520,025.0","4,359.7","38,625.0","25,585,785.0","9,056.9","1,316,917.1","1,105.2","68,997.0","1,187.0","14,382.0","7,358.9","1,503.3","1,553.8",#N/A,564.3,702.1
4/1/2015,"1,197.0","1,112.7","143,197.1",808.0,"1,513.2","1,157.9","74,909.7","7,419.0","1,197.0","3,105.0","4,490.2","15,611,872.5","4,396.6","38,926.4","25,813,305.0","9,133.2","1,319,632.6","1,112.7","68,971.1","1,197.0","14,358.6","7,419.0","1,513.2","1,571.1",#N/A,566.1,707.7
4/2/2015,"1,198.5","1,101.3","143,514.4",808.2,"1,507.3","1,147.6","75,003.6","7,427.1","1,198.5","3,103.2","4,495.8","15,583,496.3","4,402.2","38,939.3","25,875,615.0","9,144.6","1,312,956.8","1,101.3","67,907.0","1,198.5","14,344.8","7,427.1","1,507.3","1,581.8",#N/A,563.7,707.7
4/3/2015,"1,198.5","1,101.3","143,514.4",808.2,"1,507.3","1,147.6","75,003.6","7,427.1","1,198.5","3,103.2","4,495.8","15,583,496.3","4,402.2","38,939.3","25,875,615.0","9,144.6","1,312,956.8","1,101.3","67,907.0","1,198.5","14,344.8","7,427.1","1,507.3","1,581.8",#N/A,563.7,707.7
4/6/2015,"1,198.5","1,086.2","142,597.5",800.3,"1,491.4","1,139.2","74,576.7","7,427.1","1,198.5","3,073.3","4,495.9","15,530,762.3","4,402.2","38,939.3","25,881,607.5","9,144.6","1,300,312.5","1,086.2","66,498.8","1,198.5","14,024.8","7,427.1","1,491.4","1,563.8",#N/A,555.8,703.2
4/7/2015,"1,211.0","1,115.1","145,701.4",814.2,"1,511.1","1,165.2","75,451.3","7,506.1","1,211.0","3,136.4","4,542.8","15,724,835.0","4,448.1","39,442.3","26,163,655.0","9,240.0","1,318,173.5","1,115.1","66,550.5","1,211.0","14,320.1","7,506.1","1,511.1","1,582.5",#N/A,561.6,714.0
4/8/2015,"1,207.3","1,118.7","144,833.8",809.1,"1,512.6","1,166.2","75,157.3","7,488.8","1,207.3","3,131.2","4,528.3","15,639,923.8","4,434.3","39,296.0","26,082,636.3","9,211.4","1,317,049.3","1,118.7","65,160.7","1,207.3","14,296.7","7,488.8","1,512.6","1,568.4",#N/A,556.6,712.3
4/9/2015,"1,194.8","1,118.9","143,776.2",810.7,"1,506.0","1,165.6","74,358.3","7,414.9","1,194.8","3,120.4","4,481.8","15,413,514.9","4,388.6","38,884.8","25,813,649.8","9,116.4","1,305,079.6","1,118.9","62,906.2","1,194.8","14,213.6","7,414.9","1,506.0","1,552.1",#N/A,547.3,707.0
4/10/2015,"1,207.4","1,136.2","145,129.5",823.9,"1,518.8","1,182.6","75,217.9","7,495.2","1,207.4","3,170.4","4,528.8","15,592,923.4","4,434.7","39,323.4","26,084,793.6","9,212.1","1,319,210.7","1,136.2","62,715.8","1,207.4","14,451.3","7,495.2","1,518.8","1,571.7",#N/A,551.9,716.4
4/13/2015,"1,198.9","1,134.0","144,305.6",818.8,"1,510.7","1,173.4","74,925.2","7,453.2","1,198.9","3,184.1","4,496.8","15,567,715.2","4,403.6","39,048.2","25,902,232.4","9,147.7","1,317,111.3","1,134.0","63,271.9","1,198.9","14,553.3","7,453.2","1,510.7","1,584.4",#N/A,554.0,715.5
4/14/2015,"1,194.8","1,117.2","142,348.5",807.8,"1,489.0","1,157.7","74,665.9","7,421.5","1,194.8","3,185.0","4,480.8","15,508,452.4","4,388.4","38,913.0","25,806,600.0","9,116.0","1,307,116.0","1,117.2","61,301.4","1,194.8","14,308.6","7,421.5","1,489.0","1,562.4",#N/A,544.6,713.6
4/15/2015,"1,192.9","1,124.4","142,318.9",807.9,"1,480.5","1,160.6","74,478.7","7,402.2","1,192.9","3,248.7","4,473.7","15,389,005.2","4,381.6","38,852.7","25,778,566.9","9,101.9","1,308,432.1","1,124.4","60,292.3","1,192.9","14,524.5","7,402.2","1,480.5","1,566.1",#N/A,544.0,718.2
4/16/2015,"1,204.4","1,125.6","143,721.1",808.3,"1,473.4","1,157.5","75,023.5","7,463.0","1,204.4","3,257.9","4,516.8","15,483,121.7","4,423.6","39,045.0","26,018,172.1","9,189.2","1,311,295.9","1,125.6","60,185.1","1,204.4","14,494.7","7,463.0","1,473.4","1,549.9",#N/A,544.2,722.3
4/17/2015,"1,203.4","1,116.9","143,276.8",804.5,"1,470.2","1,147.4","75,022.8","7,458.1","1,203.4","3,242.0","4,513.0","15,463,045.6","4,419.9","38,982.5","25,980,323.3","9,181.6","1,304,130.4","1,116.9","63,199.6","1,203.4","14,526.2","7,458.1","1,470.2","1,548.9",#N/A,552.4,720.6
4/20/2015,"1,196.5","1,112.6","142,688.6",802.2,"1,459.3","1,142.0","75,241.9","7,420.1","1,196.5","3,233.7","4,487.2","15,422,885.0","4,394.8","38,736.7","25,823,461.3","9,129.4","1,291,382.2","1,112.6","63,451.9","1,196.5","14,496.0","7,420.1","1,459.3","1,548.7",#N/A,551.9,719.8
4/21/2015,"1,195.3","1,112.8","142,886.1",800.6,"1,466.9","1,140.7","75,148.5","7,412.8","1,195.3","3,206.4","4,482.4","15,485,109.0","4,390.4","38,715.8","25,800,546.3","9,120.2","1,295,047.5","1,112.8","64,098.0","1,195.3","14,459.2","7,412.8","1,466.9","1,544.0",#N/A,552.8,717.0
4/22/2015,"1,189.3","1,109.0","142,537.6",790.7,"1,457.1","1,148.4","74,756.2","7,367.4","1,189.3","3,229.8","4,459.9","15,341,325.0","4,368.2","38,478.2","25,671,150.5","9,074.0","1,283,973.6","1,109.0","62,886.0","1,189.3","14,535.6","7,367.4","1,457.1","1,532.3",#N/A,549.0,716.6
4/23/2015,"1,185.8","1,097.8","141,892.8",787.7,"1,441.5","1,132.6","74,963.1","7,349.3","1,185.8","3,215.5","4,446.7","15,361,391.3","4,355.3","38,495.4","25,600,342.5","9,047.3","1,283,455.7","1,097.8","60,475.2","1,185.8","14,451.0","7,349.3","1,441.5","1,526.6",#N/A,541.0,715.5
4/24/2015,"1,183.0","1,088.8","140,771.1",780.1,"1,439.7","1,127.2","75,224.0","7,328.7","1,183.0","3,218.4","4,436.4","15,283,768.5","4,345.2","38,500.7","25,546,885.0","9,026.3","1,276,930.1","1,088.8","60,624.9","1,183.0","14,374.9","7,328.7","1,439.7","1,512.0",#N/A,539.6,716.1
4/27/2015,"1,200.0","1,102.6","142,974.0",789.0,"1,451.8","1,143.7","76,218.0","7,464.7","1,200.0","3,229.2","4,500.5","15,576,000.0","4,407.7","39,228.0","25,908,000.0","9,156.1","1,287,600.0","1,102.6","62,195.9","1,200.0","14,418.3","7,464.7","1,451.8","1,525.6",#N/A,547.4,723.3
4/28/2015,"1,209.0","1,100.9","143,653.4",789.0,"1,454.4","1,149.9","76,318.1","7,502.7","1,209.0","3,208.5","4,533.9","15,692,820.0","4,440.7","39,419.4","26,102,310.0","9,224.7","1,293,750.7","1,100.9","62,344.8","1,209.0","14,319.9","7,502.7","1,454.4","1,510.6",#N/A,547.2,722.8
4/29/2015,"1,209.0","1,084.3","143,816.6",782.3,"1,446.6","1,134.2","76,550.8","7,495.4","1,209.0","3,203.3","4,533.9","15,644,460.0","4,440.7","39,697.5","26,102,310.0","9,224.7","1,291,937.2","1,084.3","61,734.9","1,209.0","14,177.6","7,495.4","1,446.6","1,500.8",#N/A,543.6,722.6
4/30/2015,"1,180.3","1,053.3","141,240.5",768.0,"1,429.6","1,105.8","74,963.6","7,320.9","1,180.3","3,157.3","4,426.1","15,298,990.6","4,335.0","38,906.9","25,481,597.5","9,005.4","1,265,228.0","1,053.3","60,888.7","1,180.3","14,111.2","7,320.9","1,429.6","1,496.4",#N/A,536.5,708.7
5/1/2015,"1,176.0","1,047.9","141,249.2",774.8,"1,430.2","1,095.4","74,690.5","7,294.2","1,176.0","3,172.0","4,409.9","15,243,251.2","4,319.3","38,765.2","25,388,759.5","8,972.6","1,260,618.3","1,047.9","61,028.9","1,176.0","14,149.9","7,294.2","1,430.2","1,500.9",#N/A,536.9,708.3
5/4/2015,"1,176.0","1,053.6","141,296.3",777.9,"1,424.8","1,098.3","74,690.5","7,301.5","1,176.0","3,190.2","4,409.9","15,263,830.4","4,319.3","38,765.2","25,435,797.4","8,972.6","1,268,967.4","1,053.6","61,267.0","1,176.0","14,159.6","7,301.5","1,424.8","1,499.4",#N/A,537.7,710.1
5/5/2015,"1,197.0","1,069.9","143,646.0",788.0,"1,437.4","1,108.1","75,967.6","7,428.8","1,197.0","3,244.6","4,488.8","15,617,857.5","4,396.6","39,459.1","25,909,065.0","9,133.2","1,291,682.5","1,069.9","60,541.4","1,197.0","14,340.7","7,428.8","1,437.4","1,508.1",#N/A,540.9,722.3
5/6/2015,"1,194.3","1,051.8","142,563.6",783.1,"1,429.0","1,091.1","75,867.7","7,405.2","1,194.3","3,218.5","4,479.0","15,567,048.8","4,386.5","39,792.4","25,849,541.3","9,112.2","1,289,790.0","1,051.8","60,174.5","1,194.3","14,274.9","7,405.2","1,429.0","1,489.5",#N/A,538.0,718.8
5/7/2015,"1,187.0","1,054.0","141,828.7",780.8,"1,442.5","1,091.9","76,270.7","7,367.6","1,187.0","3,188.8","4,451.5","15,609,050.0","4,359.9","39,812.0","25,734,160.0","9,056.9","1,293,533.3","1,054.0","59,866.0","1,187.0","14,288.8","7,367.6","1,442.5","1,499.6",#N/A,536.8,717.0
5/8/2015,"1,186.0","1,057.2","142,041.3",768.9,"1,439.2","1,100.0","75,856.5","7,364.3","1,186.0","3,186.2","4,447.6","15,566,250.0","4,356.2","39,740.5","25,712,480.0","9,049.2","1,290,723.6","1,057.2","60,388.7","1,186.0","14,165.3","7,364.3","1,439.2","1,500.7",#N/A,536.8,715.3
5/11/2015,"1,189.3","1,066.4","142,632.7",764.2,"1,436.7","1,110.3","76,028.7","7,384.8","1,189.3","3,198.5","4,459.8","15,644,583.8","4,368.2","40,077.7","25,818,617.5","9,074.0","1,297,947.3","1,066.4","61,392.1","1,189.3","14,323.8","7,384.8","1,436.7","1,502.5",#N/A,541.7,717.6
5/12/2015,"1,191.5","1,059.4","142,848.9",760.7,"1,429.6","1,103.0","76,452.6","7,398.3","1,191.5","3,180.2","4,468.2","15,725,417.0","4,376.4","40,296.5","25,867,465.0","9,091.2","1,305,586.1","1,059.4","59,704.3","1,191.5","14,378.1","7,398.3","1,429.6","1,493.6",#N/A,537.7,717.7
5/13/2015,"1,210.5","1,066.3","144,176.6",769.7,"1,449.8","1,110.7","77,465.9","7,510.4","1,210.5","3,179.8","4,539.5","15,902,943.8","4,446.2","40,660.7","26,316,270.0","9,236.2","1,331,186.8","1,066.3","59,570.1","1,210.5","14,384.1","7,510.4","1,449.8","1,494.8",#N/A,540.0,723.7
5/14/2015,"1,225.0","1,076.5","146,050.6",777.4,"1,465.2","1,121.1","77,989.6","7,596.5","1,225.0","3,185.1","4,593.9","16,093,437.5","4,499.5","41,055.9","26,698,875.0","9,346.8","1,335,739.9","1,076.5","61,434.4","1,225.0","14,466.9","7,596.5","1,465.2","1,515.6",#N/A,548.7,728.0
5/15/2015,"1,220.5","1,066.8","145,605.6",772.9,"1,465.5","1,117.9","77,532.3","7,574.5","1,220.5","3,145.5","4,577.1","15,975,124.5","4,483.0","40,947.8","26,564,182.5","9,312.5","1,325,157.9","1,066.8","60,433.1","1,220.5","14,374.6","7,574.5","1,465.5","1,515.5",#N/A,544.5,722.3
5/18/2015,"1,223.5","1,076.6","146,630.3",780.1,"1,484.3","1,128.0","77,881.9","7,591.0","1,223.5","3,153.6","4,588.2","16,073,119.5","4,494.0","40,779.2","26,663,123.8","9,335.4","1,328,353.9","1,076.6","60,000.7","1,223.5","14,498.0","7,591.0","1,484.3","1,527.8",#N/A,545.5,724.8
5/19/2015,"1,214.3","1,091.3","146,572.0",783.3,"1,486.9","1,139.0","77,344.8","7,536.7","1,214.3","3,156.9","4,553.7","15,926,149.1","4,460.2","40,594.0","26,474,771.5","9,265.2","1,321,279.4","1,091.3","60,126.1","1,214.3","14,473.2","7,536.7","1,486.9","1,535.3",#N/A,544.7,722.5
5/20/2015,"1,210.5","1,090.3","146,718.6",778.2,"1,479.8","1,136.5","77,281.3","7,509.7","1,210.5","3,121.9","4,539.4","15,948,337.5","4,446.2","40,648.6","26,401,005.0","9,236.2","1,326,526.2","1,090.3","60,403.9","1,210.5","14,361.3","7,509.7","1,479.8","1,536.8",#N/A,543.7,718.8
5/21/2015,"1,205.0","1,083.5","145,991.8",769.0,"1,472.0","1,127.9","76,704.3","7,467.1","1,205.0","3,120.4","4,519.0","15,821,047.5","4,426.0","40,307.2","26,284,062.5","9,194.2","1,318,270.0","1,083.5","60,131.9","1,205.0","14,232.0","7,467.1","1,472.0","1,529.8",#N/A,540.5,715.6
5/22/2015,"1,204.1","1,092.3","146,237.9",776.7,"1,479.4","1,135.2","76,499.5","7,462.5","1,204.1","3,125.2","4,515.9","15,839,933.6","4,422.7","40,156.7","26,255,397.3","9,187.3","1,312,589.1","1,092.3","60,078.5","1,204.1","14,291.2","7,462.5","1,479.4","1,538.8",#N/A,541.2,715.4
5/25/2015,"1,204.1","1,092.3","146,237.9",776.7,"1,479.4","1,135.2","76,499.5","7,462.5","1,204.1","3,125.2","4,515.9","15,839,933.6","4,422.7","40,156.7","26,255,397.3","9,187.3","1,312,589.1","1,092.3","60,078.5","1,204.1","14,291.2","7,462.5","1,479.4","1,538.8",#N/A,541.2,715.4
5/26/2015,"1,185.4","1,087.8","145,893.1",770.6,"1,472.2","1,125.4","75,865.6","7,354.2","1,185.4","3,126.8","4,445.4","15,659,132.7","4,354.0","40,007.2","25,871,352.9","9,044.7","1,305,125.3","1,087.8","59,978.6","1,185.4","14,289.5","7,354.2","1,472.2","1,531.2",#N/A,538.2,711.0
5/27/2015,"1,185.9","1,090.4","146,778.6",773.5,"1,480.2","1,128.5","75,965.5","7,353.9","1,185.9","3,144.0","4,446.9","15,655,589.8","4,355.7","40,117.3","25,863,385.3","9,048.1","1,311,016.1","1,090.4","61,462.6","1,185.9","14,359.0","7,353.9","1,480.2","1,537.4",#N/A,543.2,712.9
5/28/2015,"1,185.0","1,085.3","147,218.5",775.0,"1,481.4","1,120.7","75,632.6","7,348.4","1,185.0","3,155.1","4,443.8","15,667,477.5","4,352.6","40,041.1","25,844,850.0","9,041.6","1,310,491.4","1,085.3","62,696.6","1,185.0","14,441.6","7,348.4","1,481.4","1,551.1",#N/A,547.8,712.4
5/29/2015,"1,191.4","1,086.7","147,846.8",780.8,"1,487.2","1,123.9","76,090.2","7,384.9","1,191.4","3,171.5","4,468.2","15,755,072.3","4,376.1","40,078.7","25,990,388.9","9,090.4","1,320,368.9","1,086.7","62,664.5","1,191.4","14,496.7","7,384.9","1,487.2","1,556.5",#N/A,549.3,716.2
6/1/2015,"1,199.9","1,101.1","149,393.5",788.9,"1,505.0","1,135.2","76,421.6","7,438.8","1,199.9","3,215.1","4,500.0","15,865,676.5","4,407.3","40,364.6","26,178,816.1","9,155.3","1,332,128.8","1,101.1","63,954.7","1,199.9","14,706.9","7,438.8","1,505.0","1,575.7",#N/A,557.0,722.5
6/2/2015,"1,192.8","1,071.8","148,032.4",778.3,"1,484.2","1,114.4","76,199.0","7,393.4","1,192.8","3,195.6","4,473.4","15,771,795.4","4,381.2","40,316.6","26,023,909.7","9,101.1","1,326,810.7","1,071.8","63,369.6","1,192.8","14,590.9","7,393.4","1,484.2","1,539.7",#N/A,551.7,718.4
6/3/2015,"1,190.0","1,056.3","147,732.5",776.3,"1,481.1","1,112.7","76,058.8","7,375.1","1,190.0","3,195.0","4,462.6","15,732,990.0","4,370.9","40,091.1","25,962,825.0","9,079.8","1,314,533.4","1,056.3","64,459.0","1,190.0","14,625.4","7,375.1","1,481.1","1,525.0",#N/A,554.0,717.1
6/4/2015,"1,176.0","1,042.4","146,417.9",765.5,"1,466.1","1,098.2","75,281.6","7,292.4","1,176.0","3,134.3","4,410.1","15,619,632.0","4,319.6","39,678.2","25,657,380.0","8,972.9","1,309,828.6","1,042.4","65,669.0","1,176.0","14,524.1","7,292.4","1,466.1","1,531.9",#N/A,554.6,707.1
6/5/2015,"1,164.6","1,048.3","146,326.1",764.0,"1,452.8","1,102.7","74,307.3","7,224.5","1,164.6","3,113.0","4,367.4","15,460,645.4","4,277.7","39,270.3","25,402,834.3","8,886.0","1,294,045.0","1,048.3","65,937.0","1,164.6","14,647.8","7,224.5","1,452.8","1,527.0",#N/A,554.9,700.6
6/8/2015,"1,172.8","1,046.7","146,998.7",767.9,"1,459.8","1,098.7","75,207.2","7,277.9","1,172.8","3,244.4","4,398.1","15,692,061.4","4,307.8","39,669.9","25,584,627.7","8,948.5","1,317,347.4","1,046.7","65,905.5","1,172.8","14,779.4","7,277.9","1,459.8","1,536.7",#N/A,557.8,716.0
6/9/2015,"1,177.4","1,047.1","146,450.9",768.7,"1,451.6","1,096.5","75,282.9","7,306.6","1,177.4","3,250.1","4,415.4","15,663,539.6","4,324.6","39,713.7","25,673,204.9","8,983.6","1,317,392.6","1,047.1","65,467.1","1,177.4","14,679.1","7,306.6","1,451.6","1,534.2",#N/A,556.1,717.3
6/10/2015,"1,188.5","1,051.5","145,799.2",764.7,"1,457.4","1,103.8","75,867.9","7,375.9","1,188.5","3,257.0","4,456.9","15,821,906.3","4,365.4","40,004.9","25,912,271.3","9,068.3","1,317,155.1","1,051.5","64,208.1","1,188.5","14,662.5","7,375.9","1,457.4","1,533.0",#N/A,554.0,721.4
6/11/2015,"1,178.5","1,049.0","145,739.2",760.3,"1,450.1","1,103.0","75,400.4","7,314.4","1,178.5","3,195.4","4,419.5","15,698,209.3","4,328.6","39,762.6","25,679,515.0","8,992.0","1,306,720.6","1,049.0","64,555.3","1,178.5","14,596.7","7,314.4","1,450.1","1,526.7",#N/A,552.6,713.3
6/12/2015,"1,182.8","1,049.7","145,815.6",759.7,"1,455.0","1,095.8","75,850.0","7,342.9","1,182.8","3,218.2","4,435.6","15,772,044.0","4,344.5","39,919.5","25,785,035.7","9,024.8","1,318,230.4","1,049.7","65,261.0","1,182.8","14,676.4","7,342.9","1,455.0","1,528.3",#N/A,556.0,717.4
6/15/2015,"1,181.4","1,049.8","145,891.1",760.0,"1,457.3","1,104.8","75,724.8","7,335.3","1,181.4","3,234.3","4,430.4","15,753,967.7","4,339.3","39,848.6","25,757,471.4","9,014.1","1,320,037.0","1,049.8","64,398.7","1,181.4","14,662.6","7,335.3","1,457.3","1,521.1",#N/A,553.1,718.1
6/16/2015,"1,177.8","1,048.3","145,375.6",753.8,"1,452.5","1,097.0","75,711.6","7,311.9","1,177.8","3,221.7","4,416.7","15,726,495.8","4,325.9","39,678.4","25,677,894.4","8,986.3","1,317,313.4","1,048.3","63,641.2","1,177.8","14,596.3","7,311.9","1,452.5","1,518.8",#N/A,549.7,716.5
6/17/2015,"1,178.0","1,048.6","146,366.5",749.8,"1,451.2","1,095.4","75,580.5","7,314.9","1,178.0","3,224.2","4,417.6","15,746,915.0","4,326.9","39,692.7","25,683,345.0","8,988.2","1,316,827.1","1,048.6","63,812.5","1,178.0","14,630.6","7,314.9","1,451.2","1,536.6",#N/A,551.4,716.3
6/18/2015,"1,201.9","1,054.0","147,809.5",756.9,"1,465.8","1,103.3","76,681.0","7,460.5","1,201.9","3,261.5","4,507.1","15,990,612.3","4,414.5","40,406.2","26,212,345.3","9,170.2","1,330,627.9","1,054.0","64,315.5","1,201.9","14,671.0","7,460.5","1,465.8","1,535.8",#N/A,556.3,726.4
6/19/2015,"1,203.4","1,062.2","147,729.4",757.6,"1,478.1","1,110.0","76,476.0","7,472.5","1,203.4","3,244.5","4,512.9","16,043,125.8","4,419.9","40,530.5","26,240,134.9","9,182.0","1,332,223.6","1,062.2","65,263.4","1,203.4","14,625.7","7,472.5","1,478.1","1,551.7",#N/A,559.3,724.7
6/22/2015,"1,185.5","1,040.2","146,071.4",749.5,"1,455.9","1,087.9","75,317.8","7,361.4","1,185.5","3,158.5","4,445.7","15,779,005.0","4,354.0","39,874.3","25,849,827.5","9,045.4","1,302,686.5","1,040.2","63,861.9","1,185.5","14,342.8","7,361.4","1,455.9","1,528.2",#N/A,549.1,710.5
6/23/2015,"1,178.0","1,053.3","145,936.5",749.0,"1,452.9","1,100.5","74,909.0","7,311.6","1,178.0","3,155.2","4,417.7","15,614,390.0","4,326.9","39,733.9","25,686,290.0","8,988.2","1,301,336.5","1,053.3","63,812.5","1,178.0","14,386.3","7,311.6","1,452.9","1,524.7",#N/A,548.2,708.2
6/24/2015,"1,173.8","1,049.4","145,944.1",746.7,"1,455.3","1,097.9","74,691.6","7,285.6","1,173.8","3,145.0","4,401.7","15,614,983.1","4,311.2","39,649.3","25,601,248.1","8,955.8","1,300,925.6","1,049.4","63,821.5","1,173.8","14,260.5","7,285.6","1,455.3","1,526.5",#N/A,546.4,705.9
6/25/2015,"1,172.7","1,047.7","145,050.9",745.7,"1,448.0","1,100.1","74,580.5","7,281.5","1,172.7","3,114.1","4,397.6","15,628,491.6","4,307.0","39,594.5","25,589,566.2","8,947.4","1,301,582.7","1,047.7","64,172.4","1,172.7","14,173.5","7,281.5","1,448.0","1,514.9",#N/A,545.8,702.7
6/26/2015,"1,170.5","1,050.7","145,089.3",744.0,"1,449.1","1,094.4","74,449.6","7,267.6","1,170.5","3,124.1","4,389.5","15,576,428.8","4,299.2","39,555.9","25,561,964.3","8,931.0","1,306,863.3","1,050.7","64,494.5","1,170.5","14,318.1","7,267.6","1,449.1","1,531.5",#N/A,548.6,702.9
6/29/2015,"1,176.0","1,054.7","144,254.0",747.0,"1,456.1","1,092.9","75,142.0","7,301.4","1,176.0","3,163.8","4,410.1","15,693,720.0","4,319.3","39,781.1","25,657,380.0","8,972.9","1,323,411.4","1,054.7","65,168.0","1,176.0","14,449.8","7,301.4","1,456.1","1,536.9",#N/A,552.8,709.5
6/30/2015,"1,171.0","1,051.0","143,289.4",744.6,"1,461.9","1,094.4","74,569.3","7,261.4","1,171.0","3,137.1","4,391.3","15,612,357.5","4,301.0","39,551.1","25,572,883.5","8,934.8","1,306,191.9","1,051.0","65,242.1","1,171.0","14,213.3","7,261.4","1,461.9","1,523.5",#N/A,549.1,704.4
7/1/2015,"1,168.0","1,052.1","143,599.8",747.2,"1,465.1","1,103.0","74,302.3","7,242.9","1,168.0","3,142.2","4,380.5","15,565,352.0","4,290.1","39,449.8","25,468,240.0","8,911.9","1,305,298.2","1,052.1","64,875.4","1,168.0","14,300.7","7,242.9","1,465.1","1,523.5",#N/A,548.6,703.6
7/2/2015,"1,165.3","1,049.3","143,401.5",746.6,"1,463.8","1,099.5","74,016.7","7,230.3","1,165.3","3,126.4","4,369.8","15,540,356.6","4,279.7","39,374.4","25,408,276.3","9,007.4","1,310,847.9","1,049.3","64,630.2","1,165.3","14,274.3","7,230.3","1,463.8","1,526.6",#N/A,547.5,700.8
7/3/2015,"1,168.0","1,052.2","143,336.6",748.5,"1,468.5","1,100.0","74,112.2","7,247.9","1,168.0","3,141.8","4,380.3","15,557,093.4","4,289.9","39,477.3","25,467,148.7","9,028.3","1,311,549.3","1,052.2","65,213.9","1,168.0","14,363.4","7,247.9","1,468.5","1,553.6",#N/A,551.5,702.9
7/6/2015,"1,166.0","1,052.9","143,015.7",747.3,"1,471.8","1,100.6","74,001.6","7,239.9","1,166.0","3,122.3","4,372.5","15,567,266.0","4,282.7","39,472.0","25,430,460.0","9,129.8","1,313,557.1","1,052.9","65,983.9","1,166.0","14,479.1","7,239.9","1,471.8","1,548.9",#N/A,554.4,700.7
7/7/2015,"1,156.3","1,057.3","141,299.5",749.9,"1,475.8","1,098.7","73,393.0","7,180.3","1,156.3","3,114.6","4,336.2","15,409,921.9","4,246.8","39,249.5","25,217,812.5","9,053.5","1,306,793.7","1,057.3","66,547.1","1,156.3","14,459.3","7,180.3","1,475.8","1,557.0",#N/A,554.7,696.8
7/8/2015,"1,158.5","1,047.0","140,242.2",754.5,"1,474.4","1,100.6","73,674.8","7,193.6","1,158.5","3,106.2","4,344.9","15,460,182.5","4,255.2","39,389.6","25,271,519.0","9,071.1","1,316,924.9","1,047.0","66,468.9","1,158.5","14,533.1","7,193.6","1,474.4","1,557.6",#N/A,555.6,697.1
7/9/2015,"1,164.3","1,054.0","141,252.6",756.6,"1,482.9","1,103.1","73,871.7","7,228.6","1,164.3","3,116.9","4,366.2","15,526,438.0","4,276.3","39,552.5","25,394,038.9","9,116.1","1,320,201.2","1,054.0","66,391.3","1,164.3","14,560.7","7,228.6","1,482.9","1,567.5",#N/A,556.9,699.6
7/10/2015,"1,159.3","1,037.6","142,228.7",747.5,"1,475.3","1,088.6","73,476.4","7,198.3","1,159.3","3,088.2","4,347.9","15,434,338.0","4,258.2","39,355.3","25,284,328.7","9,077.4","1,309,660.9","1,037.6","65,669.7","1,159.3","14,422.3","7,198.3","1,475.3","1,562.5",#N/A,552.6,694.7
7/13/2015,"1,154.0","1,048.1","142,467.1",743.2,"1,473.5","1,095.9","73,273.2","7,164.5","1,154.0","3,056.7","4,327.7","15,348,200.0","4,238.7","39,242.3","25,165,278.0","9,035.9","1,304,423.7","1,048.1","65,535.7","1,154.0","14,380.0","7,164.5","1,473.5","1,562.5",#N/A,551.0,690.9
7/14/2015,"1,157.4","1,052.2","142,852.1",743.4,"1,473.8","1,095.4","73,431.2","7,186.2","1,157.4","3,045.7","4,340.9","15,433,927.7","4,251.1","39,392.7","25,242,891.9","9,062.5","1,322,271.5","1,052.2","65,462.0","1,157.4","14,291.2","7,186.2","1,473.8","1,554.0",#N/A,550.0,691.1
7/15/2015,"1,147.4","1,047.2","142,203.0",734.9,"1,479.8","1,093.2","72,779.6","7,124.4","1,147.4","3,035.7","4,303.4","15,311,478.0","4,214.3","39,112.0","25,024,791.9","8,984.2","1,312,051.8","1,047.2","65,189.5","1,147.4","14,244.5","7,124.4","1,479.8","1,550.4",#N/A,547.3,686.5
7/16/2015,"1,144.4","1,049.6","141,957.1",734.1,"1,479.7","1,092.9","72,702.3","7,106.2","1,144.4","3,038.0","4,291.9","15,271,444.5","4,203.4","39,155.6","24,960,506.3","8,960.7","1,315,201.6","1,049.6","64,736.1","1,144.4","14,175.4","7,106.2","1,479.7","1,542.1",#N/A,544.6,686.2
7/17/2015,"1,132.8","1,043.7","140,427.5",724.6,"1,470.0","1,087.6","71,893.1","7,034.1","1,132.8","3,002.4","4,248.6","15,116,647.0","4,160.8","38,673.8","24,710,328.5","8,869.9","1,299,887.8","1,043.7","64,671.5","1,132.8","13,962.0","7,034.1","1,470.0","1,534.3",#N/A,540.2,678.7
7/20/2015,"1,104.6","1,016.8","137,252.0",708.6,"1,432.9","1,063.1","70,269.1","6,859.2","1,104.6","2,974.4","4,142.7","14,740,332.8","4,057.3","38,028.6","24,106,234.9","8,649.1","1,272,664.6","1,016.8","62,806.2","1,104.6","13,721.8","6,859.2","1,432.9","1,498.0",#N/A,527.3,666.3
7/21/2015,"1,105.6","1,011.2","136,906.4",710.4,"1,429.7","1,057.9","70,284.4","6,865.3","1,105.6","2,971.1","4,146.4","14,753,677.3","4,061.0","38,129.4","24,121,424.8","8,656.9","1,280,616.1","1,011.2","62,809.4","1,105.6","13,639.0","6,865.3","1,429.7","1,486.2",#N/A,526.1,666.0
7/22/2015,"1,088.6",999.5,"135,035.4",696.3,"1,417.9","1,047.8","69,225.4","6,759.7","1,088.6","2,950.2","4,082.7","14,562,744.5","3,998.5","37,731.4","23,754,337.4","8,523.8","1,255,808.6",999.5,"62,134.0","1,088.6","13,468.7","6,759.7","1,417.9","1,475.4",#N/A,519.7,658.1
7/23/2015,"1,097.4",999.6,"136,116.0",706.8,"1,426.0","1,053.0","69,997.6","6,814.3","1,097.4","2,998.4","4,115.6","14,729,850.2","4,030.8","38,140.7","23,942,522.4","8,592.7","1,278,416.0",999.6,"63,095.0","1,097.4","13,644.8","6,814.3","1,426.0","1,488.8",#N/A,525.9,666.0
7/24/2015,"1,080.8",985.6,"133,700.3",697.2,"1,412.1","1,036.8","69,171.2","6,711.2","1,080.8","2,963.6","4,053.3","14,531,353.4","3,969.8","37,757.7","23,588,455.7","8,462.7","1,262,266.0",985.6,"63,420.8","1,080.8","13,635.4","6,711.2","1,412.1","1,485.1",#N/A,524.3,657.7
7/27/2015,"1,100.0",990.9,"135,432.0",706.3,"1,433.0","1,054.1","70,600.7","6,830.4","1,100.0","3,049.1","4,125.1","14,804,900.0","4,040.4","38,335.0","24,013,000.0","8,613.1","1,283,754.8",990.9,"65,336.4","1,100.0","13,901.7","6,830.4","1,433.0","1,507.5",#N/A,535.8,672.6
7/28/2015,"1,096.2",993.2,"135,495.8",703.6,"1,423.3","1,058.3","70,107.5","6,806.7","1,096.2","3,031.9","4,110.7","14,757,591.8","4,026.4","38,246.4","23,919,631.0","8,583.3","1,276,908.4",993.2,"66,348.0","1,096.2","13,808.0","6,806.7","1,423.3","1,501.2",#N/A,536.7,668.9
7/29/2015,"1,090.3",988.3,"134,994.7",696.6,"1,406.2","1,049.9","69,619.3","6,769.5","1,090.3","3,008.5","4,088.5","14,670,404.0","4,004.5","38,104.2","23,788,709.9","8,536.7","1,263,054.6",988.3,"64,592.4","1,090.3","13,628.4","6,769.5","1,406.2","1,491.8",#N/A,528.9,664.3
7/30/2015,"1,087.5",995.5,"135,214.3",696.6,"1,417.1","1,054.5","69,616.3","6,752.9","1,087.5","3,029.5","4,078.3","14,645,906.3","3,994.4","38,008.1","23,727,075.0","8,515.2","1,270,471.9",995.5,"64,816.6","1,087.5","13,850.7","6,752.9","1,417.1","1,494.8",#N/A,531.6,666.0
7/31/2015,"1,098.4",994.2,"136,086.2",703.9,"1,429.0","1,055.7","70,427.4","6,820.7","1,098.4","3,034.5","4,119.3","14,858,604.7","4,034.2","38,713.1","23,964,889.1","8,600.5","1,285,292.5",994.2,"67,029.5","1,098.4","13,858.5","6,820.7","1,429.0","1,495.7",#N/A,539.1,670.6
8/3/2015,"1,091.9",995.1,"135,346.4",699.2,"1,432.6","1,056.3","69,921.2","6,780.4","1,091.9","3,035.0","4,095.0","14,740,648.7","4,010.6","38,282.0","23,823,072.1","8,549.6","1,273,046.0",995.1,"68,171.3","1,091.9","13,855.4","6,780.4","1,432.6","1,500.8",#N/A,541.5,668.1
8/4/2015,"1,090.7",995.1,"135,164.2",699.2,"1,431.8","1,061.4","69,564.4","6,772.5","1,090.7","3,024.7","4,090.0","14,707,959.3","4,006.1","38,216.4","23,800,162.2","8,539.8","1,271,152.5",995.1,"68,759.2","1,090.7","13,819.9","6,772.5","1,431.8","1,470.2",#N/A,541.2,665.7
8/5/2015,"1,085.1",998.6,"135,632.1",695.3,"1,428.2","1,065.3","69,180.5","6,738.0","1,085.1","3,024.8","4,069.1","14,664,039.4","3,985.5","38,152.1","23,683,932.0","8,496.4","1,273,527.3",998.6,"68,274.7","1,085.1","13,884.1","6,738.0","1,428.2","1,477.4",#N/A,540.1,663.8
8/6/2015,"1,089.8",998.6,"135,908.2",702.9,"1,434.9","1,069.8","69,507.0","6,767.0","1,089.8","3,029.6","4,086.9","14,756,849.6","4,002.7","38,348.3","23,772,896.3","8,532.8","1,270,920.9",998.6,"69,818.6","1,089.8","13,888.9","6,767.0","1,434.9","1,483.3",#N/A,545.2,665.9
8/7/2015,"1,093.5",999.6,"135,927.5",706.8,"1,430.7","1,074.7","69,803.6","6,790.3","1,093.5","3,038.2","4,100.9","14,805,443.3","4,016.3","38,458.4","23,854,702.5","8,562.2","1,276,606.5",999.6,"69,967.3","1,093.5","13,794.2","6,790.3","1,430.7","1,478.5",#N/A,544.9,668.2
8/10/2015,"1,097.0",999.0,"136,603.9",705.7,"1,434.7","1,081.9","70,054.4","6,812.0","1,097.0","3,058.2","4,114.0","14,863,253.0","4,029.3","38,576.0","23,930,506.5","8,589.6","1,275,646.3",999.0,"69,663.9","1,097.0","13,916.0","6,812.0","1,434.7","1,483.7",#N/A,546.1,671.2
8/11/2015,"1,108.3","1,003.2","138,359.5",711.7,"1,454.9","1,090.0","71,205.1","7,007.6","1,108.3","3,074.7","4,156.4","15,072,200.0","4,070.7","39,190.5","24,190,326.9","8,677.7","1,306,571.3","1,003.2","71,438.0","1,108.3","14,201.3","7,007.6","1,454.9","1,519.0",#N/A,558.3,679.7
8/12/2015,"1,119.0","1,000.0","138,616.1",715.6,"1,453.0","1,085.5","72,514.0","7,147.1","1,119.0","3,098.5","4,197.1","15,425,415.0","4,110.1","39,570.6","24,651,570.0","8,761.8","1,332,113.5","1,000.0","71,953.1","1,119.0","14,270.0","7,147.1","1,453.0","1,518.2",#N/A,562.6,688.5
8/13/2015,"1,116.8","1,003.6","138,973.9",716.6,"1,461.4","1,090.2","72,756.3","7,146.1","1,116.8","3,148.7","4,189.5","15,349,728.8","4,102.0","39,338.1","24,671,241.0","8,744.2","1,311,287.8","1,003.6","72,488.0","1,116.8","14,285.2","7,146.1","1,461.4","1,518.3",#N/A,564.1,693.6
8/14/2015,"1,118.3","1,006.4","138,992.9",716.4,"1,461.4","1,092.4","72,691.8","7,147.6","1,118.3","3,167.4","4,195.1","15,417,871.9","4,107.2","39,426.7","24,716,679.8","8,756.0","1,313,049.1","1,006.4","72,317.8","1,118.3","14,323.4","7,147.6","1,461.4","1,516.6",#N/A,564.1,695.1
8/17/2015,"1,118.8","1,010.2","139,150.7",717.2,"1,467.0","1,094.5","73,068.8","7,154.4","1,118.8","3,192.2","4,197.2","15,425,452.3","4,109.4","39,606.1","24,718,762.9","8,760.3","1,323,707.9","1,010.2","73,003.6","1,118.8","14,404.0","7,154.4","1,467.0","1,516.1",#N/A,566.9,698.8
8/18/2015,"1,111.5","1,007.3","138,281.0",709.9,"1,453.2","1,086.5","72,588.8","7,106.4","1,111.5","3,222.8","4,168.5","15,358,015.4","4,082.4","39,551.5","24,557,486.7","8,702.7","1,317,234.8","1,007.3","73,127.8","1,111.5","14,385.5","7,106.4","1,453.2","1,516.0",#N/A,566.0,698.6
8/19/2015,"1,126.2","1,018.6","139,946.6",719.7,"1,479.3","1,093.9","73,374.3","7,202.3","1,126.2","3,308.1","4,223.7","15,588,730.0","4,136.4","40,057.1","25,225,757.8","8,817.8","1,334,938.0","1,018.6","74,413.2","1,126.2","14,583.0","7,202.3","1,479.3","1,537.6",#N/A,574.5,710.8
8/20/2015,"1,147.7","1,024.9","141,884.4",732.5,"1,503.4","1,105.8","75,211.6","7,332.7","1,147.7","3,337.8","4,304.9","15,918,598.3","4,215.6","40,881.1","25,702,740.4","8,986.5","1,360,196.5","1,024.9","77,088.4","1,147.7","14,824.8","7,332.7","1,503.4","1,563.9",#N/A,588.2,722.7
8/21/2015,"1,156.5","1,022.2","141,584.5",738.1,"1,521.5","1,103.4","76,180.1","7,388.5","1,156.5","3,373.4","4,337.4","16,124,501.3","4,247.9","41,240.8","26,018,358.8","9,055.5","1,381,265.6","1,022.2","79,279.2","1,156.5","14,964.2","7,388.5","1,521.5","1,576.8",#N/A,597.3,730.2
8/24/2015,"1,166.5","1,007.7","138,510.2",741.3,"1,538.8","1,092.1","77,782.2","7,470.7","1,166.5","3,426.5","4,375.5","16,383,492.5","4,284.6","41,725.7","26,296,992.8","9,133.8","1,398,575.1","1,007.7","82,433.1","1,166.5","15,367.2","7,470.7","1,538.8","1,621.4",#N/A,613.4,741.6
8/25/2015,"1,137.5",996.8,"136,391.9",724.8,"1,510.7","1,078.3","74,991.1","7,294.1","1,137.5","3,326.5","4,266.0","15,998,937.5","4,178.2","40,386.9","25,643,231.3","8,906.7","1,359,881.3",996.8,"78,598.0","1,137.5","14,796.0","7,294.1","1,510.7","1,585.4",#N/A,591.7,719.3
8/26/2015,"1,120.8",982.7,"133,565.4",721.6,"1,490.8","1,060.3","74,125.0","7,184.6","1,120.8","3,290.1","4,203.9","15,827,791.9","4,116.6","39,954.7","25,266,748.4","8,775.5","1,329,041.2",982.7,"77,882.9","1,120.8","14,703.5","7,184.6","1,490.8","1,577.3",#N/A,586.1,710.6
8/27/2015,"1,119.0",997.7,"135,057.7",727.8,"1,482.3","1,077.0","73,851.2","7,167.5","1,119.0","3,253.5","4,197.4","15,657,607.5","4,110.2","39,881.2","25,149,525.0","8,761.8","1,326,238.7",997.7,"74,185.2","1,119.0","14,634.7","7,167.5","1,482.3","1,566.3",#N/A,574.7,706.6
8/28/2015,"1,135.0","1,011.5","137,340.7",739.2,"1,501.1","1,090.2","75,040.5","7,250.9","1,135.0","3,307.5","4,257.4","15,870,137.5","4,168.7","40,718.1","25,494,937.5","8,887.1","1,332,035.8","1,011.5","74,577.7","1,135.0","15,022.3","7,250.9","1,501.1","1,587.0",#N/A,582.8,717.6
8/31/2015,"1,135.0","1,012.9","137,545.0",738.0,"1,510.1","1,097.6","75,449.1","7,237.1","1,135.0","3,304.0","4,256.9","15,946,750.0","4,168.9","40,684.1","25,516,502.5","8,887.1","1,342,421.3","1,012.9","75,727.2","1,135.0","15,054.9","7,237.1","1,510.1","1,601.0",#N/A,586.6,718.7
9/1/2015,"1,142.3","1,014.6","136,933.2",745.3,"1,508.5","1,098.7","75,671.6","7,270.2","1,142.3","3,338.0","4,284.4","16,103,571.5","4,195.7","40,837.2","25,687,466.9","8,944.3","1,338,489.8","1,014.6","75,775.9","1,142.3","15,285.2","7,270.2","1,508.5","1,623.6",#N/A,591.0,723.1
9/2/2015,"1,137.8","1,013.1","136,717.7",744.0,"1,513.8","1,103.3","75,316.2","7,231.4","1,137.8","3,360.6","4,267.3","16,076,407.5","4,179.0","40,697.3","25,585,153.1","8,908.6","1,343,341.4","1,013.1","77,115.3","1,137.8","15,337.3","7,231.4","1,513.8","1,624.1",#N/A,594.5,723.0
9/3/2015,"1,128.0","1,016.5","135,670.2",740.8,"1,484.7","1,101.7","74,713.1","7,169.5","1,128.0","3,341.4","4,230.6","15,982,632.0","4,143.1","40,442.2","25,368,720.0","8,832.3","1,342,602.0","1,016.5","74,870.6","1,128.0","15,287.1","7,169.5","1,484.7","1,605.5",#N/A,585.8,718.2
9/4/2015,"1,118.3","1,006.0","133,278.6",737.1,"1,482.4","1,090.5","74,352.4","7,107.5","1,118.3","3,355.2","4,194.6","15,840,011.3","4,107.2","40,098.2","25,129,873.1","8,756.0","1,333,904.3","1,006.0","75,420.9","1,118.3","15,435.5","7,107.5","1,482.4","1,612.2",#N/A,587.8,716.5
9/7/2015,"1,119.5","1,003.2","133,606.7",733.4,"1,488.6","1,092.6","74,821.8","7,126.6","1,119.5","3,397.0","4,198.7","15,950,076.3","4,111.9","40,425.1","25,152,926.0","8,765.7","1,347,765.9","1,003.2","76,996.1","1,119.5","15,633.8","7,126.6","1,488.6","1,616.1",#N/A,594.6,722.0
9/8/2015,"1,121.2","1,002.3","134,257.7",729.8,"1,483.8","1,097.3","74,606.9","7,138.6","1,121.2","3,380.7","4,204.9","16,010,020.6","4,118.0","40,546.4","25,206,252.7","8,778.7","1,346,501.0","1,002.3","76,530.3","1,121.2","15,457.0","7,138.6","1,483.8","1,601.3",#N/A,591.1,720.0
9/9/2015,"1,109.9",993.8,"134,253.0",722.0,"1,463.4","1,085.0","73,677.4","7,078.4","1,109.9","3,364.8","4,162.4","15,828,123.7","4,076.4","40,041.1","24,949,424.7","8,690.2","1,320,110.9",993.8,"75,598.0","1,109.9","15,216.0","7,078.4","1,463.4","1,578.6",#N/A,583.7,713.8
9/10/2015,"1,109.5",988.6,"134,044.2",719.0,"1,470.7","1,082.5","73,726.3","7,075.5","1,109.5","3,378.0","4,161.2","15,901,908.8","4,075.3","40,100.1","24,933,238.8","8,687.4","1,325,186.7",988.6,"75,214.4","1,109.5","15,240.7","7,075.5","1,470.7","1,571.5",#N/A,582.5,714.9
9/11/2015,"1,100.3",974.8,"132,684.6",714.1,"1,463.7","1,073.6","73,240.9","7,014.1","1,100.3","3,359.8","4,126.7","15,769,333.1","4,040.9","39,730.0","24,723,717.8","8,615.0","1,303,356.0",974.8,"75,020.2","1,100.3","14,986.0","7,014.1","1,463.7","1,558.5",#N/A,577.4,710.1
9/14/2015,"1,104.8",978.3,"132,647.8",717.9,"1,464.9","1,071.9","73,284.1","7,035.3","1,104.8","3,375.2","4,143.5","15,851,115.2","4,057.8","39,817.0","24,844,185.6","8,650.6","1,307,033.2",978.3,"74,399.1","1,104.8","14,966.9","7,035.3","1,464.9","1,545.4",#N/A,575.6,712.1
9/15/2015,"1,106.0",980.9,"132,940.7",720.1,"1,467.4","1,076.5","73,437.8","7,044.9","1,106.0","3,350.8","4,147.6","15,933,973.9","4,062.3","39,814.7","24,892,168.5","8,659.6","1,312,154.3",980.9,"74,044.4","1,106.0","14,913.9","7,044.9","1,467.4","1,560.0",#N/A,574.9,710.9
9/16/2015,"1,117.6",989.4,"134,709.9",720.3,"1,474.6","1,082.3","74,246.3","7,120.1","1,117.6","3,352.0","4,191.3","16,154,905.9","4,105.1","40,267.1","25,134,820.7","8,750.9","1,314,185.6",989.4,"72,973.7","1,117.6","14,845.9","7,120.1","1,474.6","1,553.8",#N/A,572.6,715.5
9/17/2015,"1,117.5",987.5,"135,111.3",719.8,"1,473.0","1,083.3","74,239.7","7,114.0","1,117.5","3,363.7","4,191.1","16,156,256.3","4,104.1","39,950.6","25,152,131.3","8,750.1","1,302,949.1",987.5,"73,563.9","1,117.5","14,940.4","7,114.0","1,473.0","1,563.4",#N/A,575.5,716.4
9/18/2015,"1,141.5","1,003.3","136,928.6",732.1,"1,495.0","1,096.4","75,070.7","7,264.8","1,141.5","3,409.7","4,281.1","16,409,062.5","4,192.4","40,540.4","25,655,212.5","8,938.0","1,327,393.1","1,003.3","75,059.3","1,141.5","15,135.0","7,264.8","1,495.0","1,579.6",#N/A,585.6,726.6
9/21/2015,"1,133.3","1,012.3","136,584.9",731.7,"1,501.4","1,101.5","74,492.8","7,217.8","1,133.3","3,400.9","4,250.1","16,383,961.9","4,161.7","40,570.3","25,464,127.5","8,873.4","1,331,228.7","1,012.3","75,040.7","1,133.3","15,278.8","7,217.8","1,501.4","1,587.2",#N/A,586.3,723.1
9/22/2015,"1,122.9","1,008.6","134,787.3",731.7,"1,492.0","1,093.3","74,004.7","7,159.6","1,122.9","3,404.7","4,211.2","16,279,241.3","4,124.3","40,401.9","25,239,982.6","8,792.4","1,324,123.5","1,008.6","74,720.6","1,122.9","15,407.6","7,159.6","1,492.0","1,590.3",#N/A,585.6,720.4
9/23/2015,"1,131.4","1,015.1","136,322.0",742.8,"1,503.2","1,108.2","74,737.0","7,222.4","1,131.4","3,432.5","4,243.1","16,571,447.0","4,155.1","40,932.2","25,433,310.4","8,858.5","1,347,833.5","1,015.1","74,242.2","1,131.4","15,589.4","7,222.4","1,503.2","1,612.1",#N/A,588.5,726.7
9/24/2015,"1,154.5","1,022.7","137,737.6",755.8,"1,541.7","1,118.1","76,485.6","7,368.9","1,154.5","3,533.3","4,329.7","16,910,538.8","4,240.0","41,902.6","25,964,705.0","9,039.8","1,376,798.8","1,022.7","76,746.2","1,154.5","16,200.4","7,368.9","1,541.7","1,650.6",#N/A,606.5,744.6
9/25/2015,"1,146.7","1,026.2","138,532.5",755.5,"1,529.2","1,120.3","75,965.6","7,309.2","1,146.7","3,488.3","4,300.2","16,838,553.8","4,211.3","41,566.1","25,788,156.3","8,978.3","1,369,902.6","1,026.2","75,227.1","1,146.7","15,901.5","7,309.2","1,529.2","1,634.1",#N/A,597.4,737.9
9/28/2015,"1,131.1","1,009.1","135,601.6",745.2,"1,512.2","1,102.9","74,700.2","7,203.7","1,131.1","3,445.3","4,241.8","16,623,604.5","4,153.9","41,045.8","25,423,172.0","8,856.2","1,351,265.1","1,009.1","74,257.7","1,131.1","15,861.6","7,203.7","1,512.2","1,616.7",#N/A,591.4,727.2
9/29/2015,"1,132.1","1,009.0","135,767.1",748.0,"1,518.3","1,101.3","74,653.5","7,204.2","1,132.1","3,440.0","4,246.0","16,622,056.1","4,158.3","41,265.0","25,456,963.4","8,864.4","1,352,519.6","1,009.0","74,295.7","1,132.1","15,797.8","7,204.2","1,518.3","1,614.9",#N/A,590.8,726.7
9/30/2015,"1,114.0",998.0,"133,418.2",735.4,"1,493.5","1,088.5","73,123.0","7,081.8","1,114.0","3,372.9","4,177.8","16,320,100.0","4,091.6","40,432.6","25,039,935.0","8,722.7","1,320,424.0",998.0,"73,085.0","1,114.0","15,403.3","7,081.8","1,493.5","1,586.3",#N/A,579.6,712.9
10/1/2015,"1,119.0",998.8,"133,882.7",738.4,"1,480.7","1,091.0","73,367.2","7,113.6","1,119.0","3,385.8","4,196.5","16,415,730.0","4,110.1","40,765.2","25,149,525.0","8,761.8","1,316,223.8",998.8,"73,354.4","1,119.0","15,488.9","7,113.6","1,480.7","1,587.1",#N/A,582.0,715.5
10/2/2015,"1,140.8","1,011.7","136,005.9",750.4,"1,507.3","1,105.8","74,793.3","7,251.9","1,140.8","3,417.2","4,278.1","16,703,431.9","4,190.0","41,728.6","25,641,208.1","8,932.1","1,346,997.4","1,011.7","75,695.6","1,140.8","15,718.7","7,251.9","1,507.3","1,622.1",#N/A,595.1,726.3
10/5/2015,"1,139.8","1,016.6","137,094.8",751.0,"1,493.8","1,111.1","74,420.0","7,245.5","1,139.8","3,405.1","4,274.3","16,520,676.3","4,186.2","41,429.9","25,618,160.8","8,924.3","1,336,185.7","1,016.6","73,696.2","1,139.8","15,531.3","7,245.5","1,493.8","1,609.7",#N/A,587.1,723.9
10/6/2015,"1,147.5","1,018.8","137,912.3",754.4,"1,499.9","1,111.3","75,040.7","7,294.8","1,147.5","3,415.8","4,303.5","16,349,006.3","4,214.8","41,688.7","25,765,965.0","8,985.0","1,337,927.6","1,018.8","73,140.8","1,147.5","15,599.6","7,294.8","1,499.9","1,608.0",#N/A,587.4,728.1
10/7/2015,"1,144.6","1,018.6","137,323.4",747.4,"1,489.8","1,111.7","74,404.7","7,276.3","1,144.6","3,345.1","4,292.4","15,824,093.0","4,203.5","41,136.9","25,653,344.2","8,962.3","1,329,567.0","1,018.6","71,536.6","1,144.6","15,296.4","7,276.3","1,489.8","1,585.4",#N/A,578.5,719.4
10/8/2015,"1,140.0","1,010.9","136,640.4",745.3,"1,487.6","1,102.4","74,208.3","7,243.2","1,140.0","3,320.6","4,275.2","15,808,950.0","4,187.2","41,085.6","25,325,100.0","8,926.3","1,321,031.8","1,010.9","71,015.7","1,140.0","15,295.8","7,243.2","1,487.6","1,582.9",#N/A,576.3,715.8
10/9/2015,"1,151.6","1,014.2","138,548.7",752.2,"1,488.6","1,108.1","74,574.4","7,306.9","1,151.6","3,352.7","4,318.5","15,453,798.4","4,229.6","40,949.1","25,564,405.7","9,016.7","1,334,415.7","1,014.2","70,826.1","1,151.6","15,311.3","7,306.9","1,488.6","1,569.5",#N/A,576.9,721.3
10/12/2015,"1,164.9","1,024.3","139,689.0",759.2,"1,509.4","1,119.2","75,465.1","7,365.7","1,164.9","3,406.7","4,368.9","15,615,483.2","4,278.7","41,214.1","26,041,337.3","9,121.2","1,332,121.1","1,024.3","71,402.0","1,164.9","15,453.9","7,365.7","1,509.4","1,580.3",#N/A,582.0,730.7
10/13/2015,"1,165.2","1,024.5","139,666.7",765.3,"1,511.7","1,118.6","75,930.2","7,390.7","1,165.2","3,436.3","4,369.2","15,870,023.3","4,279.7","41,446.2","26,112,130.9","9,123.6","1,339,688.6","1,024.5","72,890.1","1,165.2","15,630.0","7,390.7","1,511.7","1,596.4",#N/A,588.8,735.2
10/14/2015,"1,173.9","1,026.5","139,993.4",760.5,"1,525.2","1,118.4","76,341.6","7,451.6","1,173.9","3,434.2","4,402.5","15,988,516.7","4,311.6","41,738.0","26,289,488.3","9,191.7","1,346,169.7","1,026.5","73,857.1","1,173.9","15,639.5","7,451.6","1,525.2","1,616.6",#N/A,593.6,737.6
10/15/2015,"1,184.3","1,040.0","140,351.4",765.9,"1,526.1","1,125.6","76,757.1","7,515.3","1,184.3","3,418.0","4,441.2","15,963,690.0","4,349.2","41,721.1","26,456,145.0","9,391.2","1,338,498.6","1,040.0","73,688.5","1,184.3","15,492.4","7,515.3","1,526.1","1,618.2",#N/A,593.0,739.4
10/16/2015,"1,180.9","1,037.9","140,751.4",764.5,"1,525.4","1,123.3","76,575.1","7,501.8","1,180.9","3,425.6","4,428.3","15,976,898.5","4,337.4","41,695.8","26,309,334.7","9,364.2","1,333,356.5","1,037.9","72,902.7","1,180.9","15,478.3","7,501.8","1,525.4","1,625.1",#N/A,590.7,739.0
10/19/2015,"1,175.4","1,039.3","140,430.9",759.3,"1,525.4","1,125.0","76,148.3","7,475.7","1,175.4","3,408.5","4,408.0","15,904,923.8","4,317.1","41,515.1","26,223,171.8","9,438.5","1,317,681.8","1,039.3","73,225.4","1,175.4","15,573.5","7,475.7","1,525.4","1,620.1",#N/A,591.7,735.5
10/20/2015,"1,177.8","1,038.4","141,229.9",761.8,"1,524.6","1,123.8","76,577.3","7,477.3","1,177.8","3,413.0","4,416.9","16,070,398.8","4,325.6","41,715.9","26,305,046.3","9,457.4","1,331,976.3","1,038.4","72,916.0","1,177.8","15,620.5","7,477.3","1,524.6","1,621.4",#N/A,591.6,737.5
10/21/2015,"1,167.1","1,027.9","139,999.4",754.9,"1,528.4","1,116.6","76,065.7","7,409.0","1,167.1","3,381.4","4,376.9","16,009,108.7","4,286.8","41,502.1","26,029,244.5","9,371.9","1,321,623.8","1,027.9","73,440.0","1,167.1","15,728.0","7,409.0","1,528.4","1,617.6",#N/A,592.5,731.4
10/22/2015,"1,167.0","1,045.7","140,465.9",757.2,"1,529.8","1,133.6","76,059.2","7,419.1","1,167.0","3,355.3","4,376.3","15,935,385.0","4,286.4","41,574.4","26,006,595.0","9,371.1","1,328,687.6","1,045.7","73,188.5","1,167.0","15,687.7","7,419.1","1,529.8","1,616.0",#N/A,591.5,729.8
10/23/2015,"1,161.3","1,052.6","140,668.0",756.5,"1,527.5","1,133.8","75,385.4","7,373.9","1,161.3","3,366.1","4,354.9","15,833,643.8","4,265.2","41,369.5","25,910,390.6","9,324.9","1,306,057.8","1,052.6","72,052.4","1,161.3","15,778.8","7,373.9","1,527.5","1,606.9",#N/A,588.1,727.6
10/26/2015,"1,166.4","1,055.7","141,035.2",759.5,"1,532.0","1,145.1","75,740.2","7,410.0","1,166.4","3,369.4","4,374.1","15,915,526.7","4,283.8","41,436.3","26,039,877.8","9,366.2","1,322,464.0","1,055.7","73,297.0","1,166.4","15,865.0","7,410.0","1,532.0","1,606.6",#N/A,593.1,729.9
10/27/2015,"1,165.7","1,054.9","140,245.4",761.3,"1,543.3","1,148.5","75,732.6","7,405.9","1,165.7","3,386.9","4,372.0","15,879,747.6","4,281.7","41,376.5","26,032,411.3","9,360.6","1,318,406.6","1,054.9","75,596.6","1,165.7","15,924.2","7,405.9","1,543.3","1,611.9",#N/A,600.0,731.3
10/28/2015,"1,179.6","1,066.0","142,200.7",770.0,"1,550.9","1,162.0","76,626.8","7,501.3","1,179.6","3,411.1","4,424.1","15,898,057.0","4,332.7","41,834.5","26,340,464.7","9,472.2","1,334,009.4","1,066.0","75,178.8","1,179.6","15,995.4","7,501.3","1,550.9","1,651.6",#N/A,603.3,738.6
10/29/2015,"1,148.6","1,047.9","139,141.4",750.9,"1,512.8","1,139.2","74,946.1","7,301.3","1,148.6","3,377.8","4,307.8","15,664,030.5","4,218.7","40,907.4","25,654,552.0","9,223.3","1,312,045.4","1,047.9","73,703.9","1,148.6","15,902.5","7,301.3","1,512.8","1,622.4",#N/A,592.9,725.4
10/30/2015,"1,142.4","1,034.1","137,853.1",739.7,"1,494.6","1,126.1","74,646.8","7,216.8","1,142.4","3,326.1","4,284.4","15,635,913.6","4,195.7","40,630.5","25,514,955.2","9,173.1","1,302,335.7","1,034.1","72,933.6","1,142.4","15,772.0","7,216.8","1,494.6","1,601.2",#N/A,587.2,718.3
11/2/2015,"1,134.0","1,027.7","136,822.8",735.1,"1,484.0","1,116.3","74,373.4","7,187.2","1,134.0","3,203.4","4,252.8","15,498,945.0","4,165.3","40,404.4","25,313,715.0","9,106.1","1,289,358.0","1,027.7","72,621.4","1,134.0","15,636.7","7,187.2","1,484.0","1,587.0",#N/A,583.4,706.0
11/3/2015,"1,123.1","1,025.5","136,069.2",729.2,"1,472.6","1,113.0","73,731.5","7,116.6","1,123.1","3,183.4","4,211.7","15,223,618.5","4,125.1","39,959.9","25,064,781.0","9,018.5","1,272,472.1","1,025.5","70,433.1","1,123.1","15,551.3","7,116.6","1,472.6","1,566.6",#N/A,574.3,700.6
11/4/2015,"1,114.7","1,026.3","135,530.8",724.5,"1,464.5","1,107.0","73,007.3","7,062.7","1,114.7","3,184.1","4,180.3","15,109,757.8","4,094.2","39,549.5","24,874,529.4","8,951.1","1,261,840.3","1,026.3","70,201.0","1,114.7","15,539.8","7,062.7","1,464.5","1,557.9",#N/A,572.0,697.1
11/5/2015,"1,106.3","1,018.4","134,492.9",725.2,"1,456.4","1,103.3","72,728.1","7,021.2","1,106.3","3,171.3","4,148.8","15,006,956.9","4,063.5","39,376.0","24,692,611.6","8,883.6","1,259,632.8","1,018.4","70,177.6","1,106.3","15,408.0","7,021.2","1,456.4","1,548.6",#N/A,569.1,693.9
11/6/2015,"1,088.9","1,013.7","134,125.2",722.2,"1,448.2","1,094.2","71,633.3","6,917.8","1,088.9","3,189.9","4,083.6","14,765,482.7","3,999.3","38,745.8","24,342,357.3","8,743.9","1,243,414.7","1,013.7","70,477.7","1,088.9","15,455.5","6,917.8","1,448.2","1,547.4",#N/A,568.1,689.3
11/9/2015,"1,089.6","1,014.1","134,331.3",721.2,"1,446.6","1,094.0","72,344.0","6,932.3","1,089.6","3,182.2","4,086.2","14,870,314.0","4,002.2","39,171.1","24,437,000.7","8,749.5","1,260,993.7","1,014.1","70,298.0","1,089.6","15,599.8","6,932.3","1,446.6","1,545.4",#N/A,569.3,691.5
11/10/2015,"1,087.1","1,016.6","134,001.4",719.5,"1,441.8","1,094.5","72,213.3","6,915.9","1,087.1","3,169.0","4,076.7","14,794,885.5","3,992.8","39,016.0","24,356,472.2","8,729.5","1,257,556.9","1,016.6","70,088.8","1,087.1","15,520.5","6,915.9","1,441.8","1,546.9",#N/A,567.6,689.6
11/11/2015,"1,085.9","1,012.2","133,467.9",714.5,"1,441.1","1,090.6","72,133.6","6,913.4","1,085.9","3,139.2","4,072.2","14,770,953.4","3,988.2","38,951.2","24,313,298.8","8,502.7","1,254,105.7","1,012.2","70,415.7","1,085.9","15,411.6","6,913.4","1,441.1","1,539.0",#N/A,566.8,686.6
11/12/2015,"1,087.4","1,011.1","133,679.5",715.6,"1,447.7","1,091.2","72,233.2","6,925.9","1,087.4","3,117.5","4,078.0","14,791,357.2","3,994.1","39,037.6","24,360,476.3","8,514.4","1,259,426.5","1,011.1","71,717.3","1,087.4","15,537.2","6,925.9","1,447.7","1,529.8",#N/A,571.5,685.3
11/13/2015,"1,081.5","1,007.8","132,824.4",711.9,"1,443.4","1,090.1","71,552.0","6,893.5","1,081.5","3,101.2","4,055.8","14,778,697.5","3,972.1","38,874.5","24,244,526.3","8,468.2","1,258,649.5","1,007.8","72,283.4","1,081.5","15,572.0","6,893.5","1,443.4","1,520.2",#N/A,572.3,680.7
11/16/2015,"1,084.8","1,012.2","133,516.4",713.7,"1,450.2","1,092.6","71,596.2","6,912.5","1,084.8","3,123.8","4,068.0","14,890,905.6","3,984.3","39,029.3","24,347,213.8","8,493.6","1,273,387.9","1,012.2","72,233.5","1,084.8","15,585.7","6,912.5","1,450.2","1,531.2",#N/A,573.2,683.3
11/17/2015,"1,079.2","1,013.3","133,232.6",709.3,"1,437.8","1,095.3","71,286.5","6,883.8","1,079.2","3,098.8","4,047.2","14,836,301.3","3,963.6","38,813.4","24,257,716.9","8,450.2","1,262,987.5","1,013.3","70,404.0","1,079.2","15,395.9","6,883.8","1,437.8","1,515.8",#N/A,564.9,679.5
11/18/2015,"1,067.8","1,002.9","131,952.5",702.0,"1,424.8","1,088.3","70,807.8","6,817.5","1,067.8","3,061.2","4,004.3","14,734,416.1","3,921.6","38,439.0","23,987,003.8","8,360.5","1,251,669.9","1,002.9","69,476.8","1,067.8","15,186.1","6,817.5","1,424.8","1,508.0",#N/A,558.4,673.0
11/19/2015,"1,082.6","1,008.3","132,948.7",707.8,"1,436.4","1,098.0","71,668.1","6,911.3","1,082.6","3,075.1","4,060.0","14,915,519.5","3,976.4","38,843.7","24,328,725.2","8,476.8","1,257,710.4","1,008.3","70,025.3","1,082.6","15,184.0","6,911.3","1,436.4","1,503.3",#N/A,561.6,679.2
11/20/2015,"1,081.8","1,013.8","132,822.7",710.6,"1,442.0","1,099.8","71,584.8","6,907.0","1,081.8","3,060.8","4,056.8","14,787,522.5","3,973.4","38,661.7","24,309,626.9","8,470.2","1,248,609.9","1,013.8","70,172.6","1,081.8","15,067.7","6,907.0","1,442.0","1,494.7",#N/A,560.3,677.8
11/23/2015,"1,070.5","1,008.1","131,623.3",707.4,"1,430.1","1,091.8","71,148.1","6,840.1","1,070.5","3,046.9","4,015.2","14,690,471.5","3,932.1","38,404.2","24,072,868.8","8,382.1","1,240,120.7","1,008.1","70,195.4","1,070.5","15,070.2","6,840.1","1,430.1","1,488.0",#N/A,558.6,673.5
11/24/2015,"1,076.4","1,011.6","131,810.5",714.4,"1,435.5","1,094.6","71,429.9","6,877.7","1,076.4","3,091.8","4,043.8","14,751,522.5","3,953.6","38,545.9","24,210,924.8","8,428.3","1,241,788.6","1,011.6","70,780.0","1,076.4","15,057.8","6,877.7","1,435.5","1,489.5",#N/A,560.9,679.2
11/25/2015,"1,068.0","1,007.4","131,230.5",708.6,"1,421.9","1,093.5","70,872.5","6,823.7","1,068.0","3,081.4","4,011.1","14,618,250.0","3,922.7","38,127.6","24,042,282.0","8,362.5","1,221,097.6","1,007.4","70,098.2","1,068.0","15,124.4","6,823.7","1,421.9","1,476.9",#N/A,558.2,675.1
11/26/2015,"1,071.0","1,008.6","131,256.4",708.1,"1,424.0","1,096.9","71,334.0","6,843.3","1,071.0","3,121.8","4,020.0","14,703,223.5","3,933.7","38,312.3","24,086,790.0","8,386.0","1,228,704.8","1,008.6","70,530.7","1,071.0","15,282.1","6,843.3","1,424.0","1,481.8",#N/A,561.6,680.6
11/27/2015,"1,057.4",998.1,"129,811.7",702.3,"1,413.3","1,089.0","70,566.9","6,762.3","1,057.4","3,086.5","3,968.4","14,568,327.2","3,883.8","37,899.9","23,775,636.8","8,279.5","1,219,182.1",998.1,"69,854.5","1,057.4","15,157.8","6,762.3","1,413.3","1,470.2",#N/A,556.2,673.0
11/30/2015,"1,061.9","1,005.4","130,911.0",705.4,"1,414.1","1,091.6","70,780.9","6,794.1","1,061.9","3,086.4","3,985.8","14,691,385.2","3,900.4","38,058.5","23,892,747.8","8,314.7","1,229,733.0","1,005.4","70,135.8","1,061.9","15,312.6","6,794.1","1,414.1","1,465.5",#N/A,559.1,674.5
12/1/2015,"1,065.4","1,004.4","130,911.0",707.7,"1,424.8","1,096.2","70,902.4","6,817.1","1,065.4","3,076.2","3,999.0","14,683,874.2","3,913.0","38,141.3","23,960,843.8","8,342.1","1,233,679.8","1,004.4","70,953.0","1,065.4","15,376.4","6,817.1","1,424.8","1,458.4",#N/A,562.1,674.5
12/2/2015,"1,055.4",998.2,"130,304.9",706.2,"1,408.7","1,085.8","70,316.0","6,753.3","1,055.4","3,051.6","3,959.6","14,561,880.2","3,876.4","37,804.4","23,743,859.3","8,263.8","1,228,907.5",998.2,"70,566.7","1,055.4","15,184.8","6,753.3","1,408.7","1,442.2",#N/A,557.0,668.9
12/3/2015,"1,055.5",972.6,"130,005.0",701.9,"1,413.6","1,058.7","70,356.3","6,751.9","1,055.5","3,055.8","3,960.1","14,611,121.4","3,876.6","37,901.2","23,734,430.8","8,264.2","1,229,229.7",972.6,"71,853.1","1,055.5","15,191.4","6,751.9","1,413.6","1,447.3",#N/A,560.7,668.7
12/4/2015,"1,079.3",991.2,"132,871.9",714.5,"1,440.7","1,078.9","72,066.9","6,909.4","1,079.3","3,111.3","4,049.4","14,928,186.0","3,964.0","38,750.5","24,261,540.0","8,450.6","1,248,314.4",991.2,"73,483.5","1,079.3","15,439.8","6,909.4","1,440.7","1,467.1",#N/A,571.9,683.1
12/7/2015,"1,075.8",991.3,"132,603.1",713.8,"1,450.9","1,076.4","71,790.8","6,893.9","1,075.8","3,134.3","4,036.4","14,891,758.8","3,951.3","38,626.6","24,176,986.9","8,423.6","1,256,372.6",991.3,"74,140.1","1,075.8","15,659.5","6,893.9","1,450.9","1,478.7",#N/A,576.1,683.7
12/8/2015,"1,072.1",986.2,"131,787.9",715.5,"1,453.3","1,065.8","71,618.9","6,879.9","1,072.1","3,122.8","4,022.0","14,872,705.2","3,937.7","38,542.0","24,090,083.7","8,394.6","1,263,523.1",986.2,"74,382.3","1,072.1","15,667.1","6,879.9","1,453.3","1,484.1",#N/A,576.6,681.6
12/9/2015,"1,081.0",986.1,"131,979.3",712.3,"1,465.3","1,068.0","72,332.4","6,948.7","1,081.0","3,149.8","4,055.9","14,996,172.5","3,970.6","38,905.2","24,300,880.0","8,464.3","1,274,931.3",986.1,"74,524.1","1,081.0","15,736.4","6,948.7","1,465.3","1,496.4",#N/A,579.6,687.7
12/10/2015,"1,071.0",979.2,"130,158.6",706.3,"1,455.5","1,059.1","71,526.7","6,894.9","1,071.0","3,125.8","4,018.4","14,924,385.0","3,933.7","38,545.3","24,076,080.0","8,386.0","1,265,439.8",979.2,"73,703.5","1,071.0","16,282.7","6,894.9","1,455.5","1,467.7",#N/A,580.8,681.4
12/11/2015,"1,072.5",975.3,"129,756.4",704.9,"1,470.0","1,055.0","71,718.1","6,923.3","1,072.5","3,190.5","4,024.0","14,958,693.8","3,939.1","38,642.2","24,131,250.0","8,397.7","1,265,013.8",975.3,"74,835.0","1,072.5","17,176.1","6,923.3","1,470.0","1,488.1",#N/A,594.7,687.9
12/14/2015,"1,068.3",968.7,"128,959.1",706.5,"1,468.7","1,048.2","71,687.6","6,899.9","1,068.3","3,198.3","4,008.0","15,038,289.4","3,923.6","38,606.6","24,084,764.5","8,364.5","1,265,555.7",968.7,"75,519.9","1,068.3","16,318.3","6,899.9","1,468.7","1,475.6",#N/A,586.3,687.8
12/15/2015,"1,061.5",972.0,"129,211.1",705.5,"1,460.2","1,051.4","71,072.7","6,858.4","1,061.5","3,147.1","3,982.7","14,920,974.8","3,898.8","38,182.1","23,924,617.8","8,311.6","1,256,285.3",972.0,"74,354.8","1,061.5","15,907.5","6,858.4","1,460.2","1,480.6",#N/A,578.0,680.5
12/16/2015,"1,075.3",982.5,"130,992.3",716.7,"1,486.9","1,061.5","71,805.2","6,960.4","1,075.3","3,182.4","4,034.3","15,130,380.4","3,949.3","38,795.0","24,227,533.0","8,419.3","1,264,924.0",982.5,"75,737.9","1,075.3","16,168.8","6,960.4","1,486.9","1,495.0",#N/A,587.2,688.3
12/17/2015,"1,049.4",968.6,"128,735.1",705.1,"1,463.0","1,045.0","69,740.5","6,804.0","1,049.4","3,068.8","3,936.4","14,698,419.7","3,854.3","37,844.0","23,637,732.8","8,216.9","1,238,396.7",968.6,"74,342.8","1,049.4","15,966.0","6,804.0","1,463.0","1,475.4",#N/A,577.0,667.8
12/18/2015,"1,062.5",979.8,"129,109.7",713.5,"1,476.6","1,056.5","70,571.2","6,886.6","1,062.5","3,095.7","3,985.3","14,784,687.5","3,902.7","38,457.2","23,942,375.0","8,319.4","1,257,043.6",979.8,"75,102.9","1,062.5","16,003.8","6,886.6","1,476.6","1,479.9",#N/A,581.4,674.9
12/21/2015,"1,078.8",988.1,"130,642.0",724.7,"1,508.0","1,070.4","71,556.2","6,991.2","1,078.8","3,141.4","4,048.0","14,865,175.0","3,961.7","38,967.7","24,321,497.5","8,446.7","1,270,389.8",988.1,"76,882.5","1,078.8","16,238.7","6,991.2","1,508.0","1,501.1",#N/A,591.8,684.6
12/22/2015,"1,074.9",980.2,"129,955.4",725.1,"1,498.1","1,062.2","71,306.2","6,964.1","1,074.9","3,159.7","4,033.5","14,699,256.2","3,948.2","38,777.0","24,235,230.7","8,416.5","1,261,126.3",980.2,"76,532.9","1,074.9","16,344.1","6,964.1","1,498.1","1,486.3",#N/A,590.9,684.5
12/23/2015,"1,068.3",981.9,"129,252.9",718.5,"1,480.5","1,061.1","70,734.2","6,919.9","1,068.3","3,119.5","4,007.8","14,573,600.6","3,923.8","38,475.7","24,069,809.0","8,364.5","1,253,163.9",981.9,"74,854.3","1,068.3","16,230.6","6,919.9","1,480.5","1,478.2",#N/A,583.9,678.3
12/24/2015,"1,068.3",974.8,"128,494.4",715.0,"1,479.7","1,054.7","70,734.2","6,918.8","1,068.3","3,116.6","4,008.1","14,573,600.6","3,923.7","38,553.1","24,069,809.0","8,364.5","1,247,555.6",974.8,"75,012.5","1,068.3","16,329.9","6,918.8","1,479.7","1,469.0",#N/A,585.0,677.8
12/25/2015,"1,068.3",974.8,"128,494.4",715.0,"1,479.7","1,054.7","70,734.2","6,918.8","1,068.3","3,116.6","4,008.1","14,573,600.6","3,923.7","38,553.1","24,069,809.0","8,364.5","1,247,555.6",974.8,"75,012.5","1,068.3","16,329.9","6,918.8","1,479.7","1,469.0",#N/A,585.0,677.8
12/28/2015,"1,068.3",973.7,"128,515.8",716.9,"1,483.5","1,056.0","70,712.8","6,930.8","1,068.3","3,106.6","4,007.8","14,581,612.5","3,923.6","38,585.2","24,009,987.0","8,364.5","1,244,991.9",973.7,"76,980.8","1,068.3","16,316.7","6,930.8","1,483.5","1,470.8",#N/A,590.3,677.0
12/29/2015,"1,070.1",981.2,"128,925.6",723.3,"1,481.6","1,062.7","71,060.0","6,939.8","1,070.1","3,112.1","4,013.6","14,708,522.5","3,930.4","38,630.6","24,055,844.7","8,378.9","1,251,588.6",981.2,"77,178.3","1,070.1","16,358.1","6,939.8","1,481.6","1,467.4",#N/A,591.4,679.1
12/30/2015,"1,060.0",971.3,"127,804.2",714.6,"1,472.1","1,049.7","70,368.1","6,879.6","1,060.0","3,096.2","3,977.6","14,609,450.0","3,893.3","38,144.1","23,812,900.0","8,299.9","1,242,902.8",971.3,"77,558.2","1,060.0","16,492.0","6,879.6","1,472.1","1,453.5",#N/A,591.9,673.8
12/31/2015,"1,060.0",975.8,"127,512.7",719.2,"1,472.4","1,061.1","70,125.6","6,883.2","1,060.0","3,094.0","3,979.1","14,612,100.0","3,893.4","38,144.1","23,834,100.0","8,299.9","1,242,902.8",975.8,"77,417.1","1,060.0","16,425.2","6,883.2","1,472.4","1,456.9",#N/A,591.0,672.9
1/1/2016,"1,060.0",975.8,"127,512.7",719.2,"1,472.4","1,061.1","70,125.6","6,883.2","1,060.0","3,094.0","3,979.1","14,612,100.0","3,893.4","38,144.1","23,834,100.0","8,299.9","1,242,902.8",975.8,"77,417.1","1,060.0","16,425.2","6,883.2","1,472.4","1,456.9",#N/A,591.0,672.9
1/4/2016,"1,082.3","1,001.7","129,096.2",736.8,"1,509.0","1,088.0","72,061.6","7,054.0","1,082.3","3,218.6","4,060.6","15,062,214.4","3,975.2","39,139.6","24,345,213.8","8,474.1","1,285,388.3","1,001.7","79,028.6","1,082.3","16,923.4","7,054.0","1,509.0","1,510.2",#N/A,606.2,694.2
1/5/2016,"1,077.0","1,004.6","128,324.5",735.2,"1,505.8","1,089.5","71,747.0","7,021.7","1,077.0","3,206.4","4,040.9","14,929,912.5","3,955.9","38,933.5","24,227,115.0","8,433.0","1,279,422.1","1,004.6","79,011.4","1,077.0","16,818.4","7,021.7","1,505.8","1,509.6",#N/A,604.3,691.5
1/6/2016,"1,091.4","1,015.3","129,489.1",747.1,"1,538.0","1,101.0","72,908.2","7,157.6","1,091.4","3,284.7","4,097.4","15,222,300.1","4,008.8","39,530.5","24,521,027.3","8,545.7","1,307,224.2","1,015.3","81,478.5","1,091.4","17,259.1","7,157.6","1,538.0","1,545.1",#N/A,619.6,704.9
1/7/2016,"1,106.4","1,021.3","130,671.0",759.4,"1,556.0","1,109.9","74,012.0","7,294.3","1,106.4","3,309.6","4,154.3","15,408,687.6","4,063.7","40,132.8","24,890,105.8","8,662.8","1,328,228.1","1,021.3","82,367.7","1,106.4","17,643.0","7,294.3","1,556.0","1,575.9",#N/A,629.9,713.5
1/8/2016,"1,101.9","1,010.4","129,715.3",757.9,"1,559.1","1,096.6","73,464.4","7,259.9","1,101.9","3,313.9","4,137.4","15,340,504.6","4,047.0","40,002.7","24,764,075.5","8,627.5","1,320,016.1","1,010.4","82,087.8","1,101.9","17,812.5","7,259.9","1,559.1","1,579.4",#N/A,630.4,710.9
1/11/2016,"1,100.8","1,014.1","129,178.5",757.5,"1,561.7","1,102.6","73,508.1","7,244.7","1,100.8","3,339.8","4,133.3","15,272,906.3","4,043.1","39,918.7","24,711,837.5","8,618.9","1,331,577.2","1,014.1","83,671.5","1,100.8","18,350.9","7,244.7","1,561.7","1,574.3",#N/A,640.0,713.2
1/12/2016,"1,085.4","1,002.6","128,017.5",755.4,"1,549.1","1,089.3","72,586.1","7,137.0","1,085.4","3,292.0","4,074.0","15,097,912.6","3,986.6","39,432.6","24,344,977.1","8,498.7","1,313,605.2","1,002.6","83,068.4","1,085.4","17,982.7","7,137.0","1,549.1","1,554.8",#N/A,631.4,703.5
1/13/2016,"1,088.2","1,002.9","128,722.7",753.4,"1,551.6","1,098.3","72,710.2","7,155.8","1,088.2","3,280.7","4,086.0","15,046,392.8","3,996.7","39,445.4","24,392,512.3","8,520.3","1,310,132.5","1,002.9","82,991.2","1,088.2","17,874.2","7,155.8","1,551.6","1,555.4",#N/A,630.4,703.3
1/14/2016,"1,088.4","1,004.1","128,523.7",756.1,"1,562.6","1,097.8","73,178.6","7,170.9","1,088.4","3,292.6","4,082.8","15,139,642.6","3,997.7","39,519.8","24,420,972.8","8,522.2","1,320,718.8","1,004.1","83,019.8","1,088.4","17,917.8","7,170.9","1,562.6","1,563.6",#N/A,631.5,706.2
1/15/2016,"1,093.8",998.7,"127,821.1",764.4,"1,584.3","1,092.4","73,989.4","7,204.5","1,093.8","3,327.6","4,100.2","15,197,109.4","4,017.2","39,774.8","24,518,046.9","8,564.1","1,326,335.8",998.7,"84,998.0","1,093.8","18,357.2","7,204.5","1,584.3","1,589.9",#N/A,643.3,712.6
1/18/2016,"1,089.2","1,001.5","127,866.6",763.1,"1,581.2","1,096.4","73,722.5","7,166.2","1,089.2","3,302.0","4,084.7","15,175,278.3","3,999.8","39,554.8","24,398,078.9","8,528.5","1,318,966.6","1,001.5","86,184.3","1,089.2","18,249.0","7,166.2","1,581.2","1,584.1",#N/A,644.3,708.9
1/19/2016,"1,086.3",996.7,"127,943.9",768.0,"1,577.3","1,090.1","73,473.9","7,145.6","1,086.3","3,300.9","4,073.7","15,077,150.0","3,989.5","39,409.7","24,353,725.0","8,505.4","1,309,908.8",996.7,"85,314.8","1,086.3","18,174.3","7,145.6","1,577.3","1,570.0",#N/A,640.2,707.4
1/20/2016,"1,101.8","1,011.1","128,083.9",776.6,"1,612.6","1,105.6","74,902.5","7,249.0","1,101.8","3,370.2","4,131.8","15,380,430.0","4,046.5","39,982.5","24,701,785.9","8,626.8","1,337,579.4","1,011.1","90,169.3","1,101.8","18,658.1","7,249.0","1,612.6","1,610.2",#N/A,662.2,720.8
1/21/2016,"1,096.5","1,013.1","128,624.9",775.7,"1,572.5","1,109.2","74,518.1","7,214.2","1,096.5","3,323.9","4,116.8","15,252,315.0","4,027.6","39,748.1","24,572,565.0","8,585.6","1,330,712.2","1,013.1","92,370.5","1,096.5","18,227.8","7,214.2","1,572.5","1,578.5",#N/A,661.4,714.9
1/22/2016,"1,096.3","1,012.7","129,911.1",764.7,"1,549.3","1,111.7","74,161.3","7,212.7","1,096.3","3,299.5","4,113.6","15,183,062.5","4,026.3","39,514.3","24,550,518.8","8,583.7","1,315,719.2","1,012.7","86,022.7","1,096.3","18,083.0","7,212.7","1,549.3","1,560.2",#N/A,642.1,711.5
1/25/2016,"1,106.6","1,021.6","131,226.1",775.6,"1,575.4","1,124.1","75,010.9","7,280.8","1,106.6","3,340.3","4,151.4","15,351,306.5","4,064.6","39,843.1","24,760,171.7","8,664.7","1,321,501.5","1,021.6","88,041.1","1,106.6","18,245.9","7,280.8","1,575.4","1,587.5",#N/A,651.8,719.5
1/26/2016,"1,113.6","1,026.5","131,878.0",777.4,"1,569.4","1,133.4","75,485.4","7,327.3","1,113.6","3,351.4","4,177.6","15,479,038.0","4,090.3","39,978.2","24,869,468.7","8,719.5","1,340,941.2","1,026.5","87,902.0","1,113.6","18,250.9","7,327.3","1,569.4","1,590.9",#N/A,652.7,723.2
1/27/2016,"1,116.3","1,026.8","132,537.9",783.0,"1,573.5","1,135.5","75,955.2","7,342.6","1,116.3","3,338.5","4,187.6","15,490,759.4","4,100.0","39,972.9","24,897,956.3","8,740.3","1,342,402.1","1,026.8","87,373.8","1,116.3","18,281.3","7,342.6","1,573.5","1,584.8",#N/A,651.7,724.1
1/28/2016,"1,114.0","1,018.3","132,226.2",774.2,"1,568.7","1,129.4","75,991.5","7,325.6","1,114.0","3,314.6","4,179.2","15,456,193.0","4,091.2","39,914.6","24,786,500.0","8,722.7","1,346,324.5","1,018.3","85,578.9","1,114.0","18,053.1","7,325.6","1,568.7","1,571.7",#N/A,643.5,721.7
1/29/2016,"1,111.8","1,027.5","134,600.0",783.8,"1,564.6","1,139.2","75,466.2","7,314.3","1,111.8","3,290.6","4,170.9","15,315,042.3","4,083.7","39,727.4","24,715,309.7","8,705.4","1,332,936.7","1,027.5","83,608.7","1,111.8","17,677.6","7,314.3","1,564.6","1,571.8",#N/A,634.0,717.8
2/1/2016,"1,126.5","1,034.1","136,334.7",783.8,"1,577.9","1,146.4","76,427.4","7,411.2","1,126.5","3,327.9","4,224.5","15,362,643.8","4,137.4","40,100.6","25,098,420.0","8,820.6","1,352,363.3","1,034.1","86,311.7","1,126.5","18,021.7","7,411.2","1,577.9","1,589.9",#N/A,647.7,726.4
2/2/2016,"1,128.5","1,035.3","135,707.8",785.2,"1,587.8","1,151.6","76,708.4","7,425.2","1,128.5","3,330.7","4,233.6","15,446,343.8","4,145.0","40,355.2","25,157,086.3","8,836.2","1,362,494.3","1,035.3","88,979.4","1,128.5","18,244.2","7,425.2","1,587.8","1,601.0",#N/A,658.0,728.0
2/3/2016,"1,132.0","1,024.5","133,559.0",775.8,"1,567.7","1,141.1","77,111.8","7,447.8","1,132.0","3,317.9","4,245.3","15,587,640.0","4,157.6","40,548.2","25,228,318.0","8,863.6","1,380,247.4","1,024.5","88,892.4","1,132.0","18,345.5","7,447.8","1,567.7","1,592.6",#N/A,659.0,728.5
2/4/2016,"1,156.4","1,035.2","135,449.0",793.1,"1,583.0","1,153.6","78,232.8","7,606.2","1,156.4","3,367.9","4,336.9","15,769,721.1","4,247.3","41,131.4","25,773,303.7","9,054.3","1,390,048.0","1,035.2","88,280.8","1,156.4","18,302.4","7,606.2","1,583.0","1,599.8",#N/A,660.6,740.1
2/5/2016,"1,150.4","1,032.3","134,608.2",794.2,"1,592.5","1,142.5","77,867.2","7,557.2","1,150.4","3,357.4","4,314.4","15,673,516.8","4,225.3","40,825.9","25,658,553.5","9,007.3","1,377,486.4","1,032.3","88,865.3","1,150.4","18,391.5","7,557.2","1,592.5","1,623.4",#N/A,663.1,736.9
2/8/2016,"1,193.3","1,070.4","137,909.9",830.1,"1,666.9","1,181.1","81,057.5","7,839.1","1,193.3","3,518.2","4,475.3","16,258,031.3","4,382.8","42,372.3","26,592,769.5","9,343.2","1,428,857.2","1,070.4","93,231.6","1,193.3","19,264.4","7,839.1","1,666.9","1,686.8",#N/A,692.8,768.4
2/9/2016,"1,191.0","1,053.1","136,619.6",822.2,"1,645.8","1,155.3","80,946.3","7,824.3","1,191.0","3,501.5","4,466.8","16,203,555.0","4,374.5","42,259.7","26,542,626.0","9,325.6","1,426,162.9","1,053.1","93,791.3","1,191.0","19,112.6","7,824.3","1,645.8","1,682.8",#N/A,692.1,765.9
2/10/2016,"1,190.0","1,063.0","136,284.7",823.0,"1,656.5","1,165.1","80,729.6","7,817.7","1,190.0","3,484.8","4,463.0","16,020,375.0","4,371.0","42,084.9","26,520,340.0","9,317.8","1,424,965.4","1,063.0","93,595.0","1,190.0","18,860.3","7,817.7","1,656.5","1,678.4",#N/A,688.6,763.8
2/11/2016,"1,241.0","1,094.0","138,836.9",859.6,"1,734.8","1,207.7","84,782.0","8,152.7","1,241.0","3,633.1","4,654.4","16,706,962.5","4,558.3","43,752.1","27,656,926.0","9,717.1","1,492,364.3","1,094.0","99,798.1","1,241.0","19,498.8","8,152.7","1,734.8","1,753.2",#N/A,722.2,798.2
2/12/2016,"1,239.8","1,102.6","139,781.8",857.5,"1,723.4","1,211.0","84,557.1","8,144.5","1,239.8","3,632.5","4,649.7","16,724,227.5","4,553.7","44,085.5","27,667,500.8","9,707.3","1,502,018.9","1,102.6","97,652.0","1,239.8","19,665.8","8,144.5","1,723.4","1,750.7",#N/A,718.0,797.4
2/15/2016,"1,208.2","1,084.1","138,338.9",836.2,"1,670.8","1,194.1","82,199.9","7,846.5","1,208.2","3,565.5","4,531.1","16,159,674.4","4,437.8","43,066.9","27,027,432.9","9,460.3","1,459,565.7","1,084.1","93,504.1","1,208.2","19,064.5","7,846.5","1,670.8","1,691.9",#N/A,692.6,777.8
2/16/2016,"1,209.5","1,085.3","137,647.1",845.3,"1,679.6","1,195.5","82,729.8","7,878.4","1,209.5","3,593.6","4,536.2","16,207,300.0","4,442.5","43,073.3","27,059,538.8","9,470.4","1,471,477.5","1,085.3","94,159.6","1,209.5","19,058.1","7,878.4","1,679.6","1,705.9",#N/A,695.3,782.5
2/17/2016,"1,210.0","1,086.8","138,272.7",845.1,"1,656.9","1,201.7","82,782.1","7,896.5","1,210.0","3,563.9","4,538.1","16,347,100.0","4,444.5","43,118.3","27,100,975.0","9,474.4","1,485,032.8","1,086.8","91,111.5","1,210.0","18,759.8","7,896.5","1,656.9","1,687.6",#N/A,683.5,780.5
2/18/2016,"1,210.1","1,090.2","137,485.5",842.5,"1,657.4","1,202.8","82,891.8","7,887.2","1,210.1","3,583.3","4,538.5","16,339,373.3","4,444.6","43,022.1","27,063,883.2","9,475.1","1,485,215.9","1,090.2","91,653.0","1,210.1","18,523.0","7,887.2","1,657.4","1,693.2",#N/A,682.5,782.5
2/19/2016,"1,231.2","1,108.5","138,842.9",862.9,"1,703.4","1,220.7","84,333.8","8,027.2","1,231.2","3,645.6","4,617.4","16,614,367.9","4,522.2","44,001.9","27,525,433.9","9,640.0","1,519,792.9","1,108.5","95,694.2","1,231.2","18,989.0","8,027.2","1,703.4","1,736.1",#N/A,703.0,796.1
2/22/2016,"1,211.0","1,098.2","136,812.7",856.8,"1,657.3","1,209.1","83,035.2","7,894.8","1,211.0","3,564.4","4,541.8","16,272,812.5","4,448.1","43,281.7","27,105,207.5","9,482.2","1,494,858.3","1,098.2","91,342.7","1,211.0","18,388.1","7,894.8","1,657.3","1,674.5",#N/A,679.6,781.8
2/23/2016,"1,221.4","1,107.9","136,882.8",866.0,"1,685.5","1,210.0","83,717.4","7,971.1","1,221.4","3,592.2","4,580.7","16,396,621.8","4,486.0","43,651.0","27,333,809.7","9,563.2","1,503,603.6","1,107.9","93,143.2","1,221.4","18,617.3","7,971.1","1,685.5","1,692.8",#N/A,689.2,788.2
2/24/2016,"1,250.8","1,134.8","139,052.1",897.7,"1,723.8","1,235.2","85,757.7","8,171.1","1,250.8","3,683.8","4,690.9","16,775,684.4","4,594.1","44,670.5","27,985,531.3","9,793.4","1,543,863.1","1,134.8","96,004.4","1,250.8","19,610.8","8,171.1","1,723.8","1,743.4",#N/A,713.8,807.8
2/25/2016,"1,236.0","1,120.3","139,278.7",886.3,"1,680.7","1,222.6","84,944.1","8,076.1","1,236.0","3,620.2","4,635.4","16,575,378.0","4,540.0","44,112.8","27,578,250.0","9,677.9","1,531,218.4","1,120.3","94,286.7","1,236.0","19,295.1","8,076.1","1,680.7","1,716.4",#N/A,702.6,797.3
2/26/2016,"1,226.5","1,122.5","139,729.0",884.7,"1,660.7","1,224.7","84,291.2","8,017.8","1,226.5","3,634.4","4,599.9","16,398,305.0","4,504.9","43,737.0","27,370,574.0","9,603.6","1,518,529.5","1,122.5","92,651.3","1,226.5","19,757.1","8,017.8","1,660.7","1,712.7",#N/A,701.8,795.1
2/29/2016,"1,234.9","1,136.5","139,389.3",886.1,"1,672.8","1,230.0","84,498.0","8,085.0","1,234.9","3,648.9","4,631.5","16,513,081.5","4,535.8","43,999.5","27,538,267.8","9,669.3","1,527,200.6","1,136.5","92,670.8","1,234.9","19,492.8","8,085.0","1,672.8","1,728.9",#N/A,701.0,798.6
3/1/2016,"1,236.5","1,138.6","140,454.0",888.2,"1,662.3","1,234.2","83,989.2","8,095.6","1,236.5","3,642.5","4,636.9","16,507,275.0","4,541.7","44,050.9","27,576,423.0","9,681.9","1,529,179.5","1,138.6","91,494.8","1,236.5","19,359.0","8,095.6","1,662.3","1,728.9",#N/A,696.6,796.5
3/2/2016,"1,239.2","1,144.4","141,175.8",881.1,"1,666.5","1,239.7","83,763.7","8,118.5","1,239.2","3,640.0","4,647.0","16,468,967.4","4,551.6","44,065.9","27,652,746.9","9,703.0","1,521,241.7","1,144.4","91,045.6","1,239.2","19,312.6","8,118.5","1,666.5","1,706.7",#N/A,694.5,796.0
3/3/2016,"1,250.3","1,143.7","142,009.6",883.2,"1,672.8","1,241.2","84,204.3","8,180.5","1,250.3","3,642.3","4,689.1","16,550,184.4","4,592.3","44,390.1","27,880,575.0","9,789.5","1,518,553.5","1,143.7","91,495.7","1,250.3","19,444.5","8,180.5","1,672.8","1,696.5",#N/A,698.1,799.0
3/4/2016,"1,277.5","1,160.6","145,385.9",898.7,"1,707.7","1,269.2","85,803.3","8,331.0","1,277.5","3,711.8","4,791.1","16,779,962.5","4,692.4","45,236.3","28,472,281.3","10,002.9","1,537,471.3","1,160.6","92,177.2","1,277.5","19,657.6","8,331.0","1,707.7","1,724.4",#N/A,706.9,814.2
3/7/2016,"1,267.9","1,154.4","143,932.0",892.6,"1,685.9","1,265.9","85,158.5","8,260.5","1,267.9","3,697.5","4,755.2","16,593,640.0","4,656.9","44,943.9","28,267,828.3","9,927.7","1,523,444.9","1,154.4","90,884.6","1,267.9","19,399.5","8,260.5","1,685.9","1,698.2",#N/A,698.1,809.2
3/8/2016,"1,267.0","1,146.2","142,505.8",891.8,"1,698.7","1,256.5","85,376.8","8,242.3","1,267.0","3,687.0","4,751.9","16,652,181.0","4,653.7","44,883.5","28,254,100.0","9,920.7","1,528,952.3","1,146.2","92,361.1","1,267.0","19,557.3","8,242.3","1,698.7","1,702.7",#N/A,703.7,808.6
3/9/2016,"1,246.4","1,132.0","140,712.3",876.4,"1,658.0","1,241.7","83,770.5","8,120.3","1,246.4","3,606.1","4,674.6","16,381,433.9","4,578.0","44,022.8","27,791,601.8","9,759.4","1,515,996.0","1,132.0","88,566.1","1,246.4","19,011.0","8,120.3","1,658.0","1,660.8",#N/A,683.2,793.2
3/10/2016,"1,266.5","1,136.2","143,621.1",885.3,"1,688.3","1,250.9","84,906.2","8,252.4","1,266.5","3,671.6","4,750.0","16,556,321.3","4,651.9","44,644.1","28,216,353.5","9,916.8","1,524,359.2","1,136.2","90,204.9","1,266.5","19,504.4","8,252.4","1,688.3","1,700.7",#N/A,697.4,805.4
3/11/2016,"1,264.8","1,133.4","143,568.1",878.7,"1,674.9","1,244.2","84,877.4","8,219.6","1,264.8","3,635.6","4,743.4","16,530,282.5","4,645.4","44,462.3","28,187,483.3","9,903.1","1,509,099.6","1,133.4","88,591.0","1,264.8","19,271.0","8,219.6","1,674.9","1,674.8",#N/A,689.0,801.8
3/14/2016,"1,242.8","1,118.9","141,170.2",867.6,"1,651.7","1,225.0","83,397.8","8,071.9","1,242.8","3,574.8","4,660.6","16,230,315.0","4,564.7","43,598.8","27,707,111.3","11,122.5","1,474,087.8","1,118.9","87,992.9","1,242.8","19,336.9","8,071.9","1,651.7","1,653.9",#N/A,684.1,788.1
3/15/2016,"1,232.0","1,108.7","139,049.7",869.8,"1,646.1","1,213.9","83,021.4","8,020.9","1,232.0","3,571.6","4,620.1","16,234,680.0","4,525.2","43,267.8","27,457,584.0","11,026.3","1,463,246.3","1,108.7","87,502.8","1,232.0","19,637.5","8,020.9","1,646.1","1,650.9",#N/A,684.6,785.1
3/16/2016,"1,228.5","1,109.3","139,631.3",871.5,"1,641.5","1,213.9","82,598.2","8,011.0","1,228.5","3,588.3","4,607.1","16,299,123.8","4,512.4","43,046.6","27,389,407.5","10,909.0","1,465,907.6","1,109.3","86,331.3","1,228.5","19,810.0","8,011.0","1,641.5","1,652.1",#N/A,683.1,784.7
3/17/2016,"1,266.5","1,119.2","140,980.4",874.1,"1,644.4","1,225.8","84,462.9","8,223.6","1,266.5","3,605.9","4,749.6","16,584,817.5","4,652.0","44,058.4","28,220,786.3","11,246.5","1,485,921.1","1,119.2","86,245.5","1,266.5","19,234.7","8,223.6","1,644.4","1,658.7",#N/A,681.8,797.5
3/18/2016,"1,252.1","1,108.9","139,477.6",862.8,"1,625.4","1,212.4","83,324.1","8,104.3","1,252.1","3,583.1","4,695.6","16,424,419.8","4,598.8","43,635.7","27,912,436.0","11,118.6","1,455,566.1","1,108.9","85,214.8","1,252.1","19,116.4","8,104.3","1,625.4","1,643.7",#N/A,674.9,789.1
3/21/2016,"1,244.9","1,105.6","138,949.5",864.5,"1,626.7","1,204.8","82,760.9","8,074.2","1,244.9","3,559.0","4,668.6","16,367,321.5","4,572.4","43,434.6","27,743,216.8","11,054.6","1,448,378.7","1,105.6","84,513.1","1,244.9","18,875.8","8,074.2","1,626.7","1,639.1",#N/A,669.4,784.2
3/22/2016,"1,252.5","1,115.7","140,054.5",881.0,"1,634.9","1,215.7","83,585.6","8,132.1","1,252.5","3,592.1","4,697.1","16,507,950.0","4,600.4","43,737.3","27,930,750.0","11,122.1","1,445,510.1","1,115.7","84,388.8","1,252.5","19,042.9","8,132.1","1,634.9","1,642.6",#N/A,672.2,791.3
3/23/2016,"1,217.6","1,089.6","137,174.8",862.9,"1,607.7","1,185.2","81,207.8","7,910.6","1,217.6","3,502.6","4,566.2","16,044,922.1","4,472.1","42,756.0","27,238,317.5","10,812.2","1,413,998.5","1,089.6","83,242.0","1,217.6","18,665.1","7,910.6","1,607.7","1,616.8",#N/A,659.2,770.2
3/24/2016,"1,221.0","1,093.7","137,545.6",863.2,"1,620.2","1,192.5","81,434.6","7,954.8","1,221.0","3,514.6","4,579.2","16,181,302.5","4,484.5","43,169.7","27,260,046.0","10,842.4","1,424,113.2","1,093.7","84,630.6","1,221.0","18,957.6","7,954.8","1,620.2","1,624.6",#N/A,667.1,772.8
3/25/2016,"1,221.0","1,093.7","137,545.6",863.2,"1,620.2","1,192.5","81,434.6","7,954.8","1,221.0","3,514.6","4,579.2","16,181,302.5","4,484.5","43,169.7","27,260,046.0","10,842.4","1,424,113.2","1,093.7","84,630.6","1,221.0","18,957.6","7,954.8","1,620.2","1,624.6",#N/A,667.1,772.8
3/28/2016,"1,221.0","1,088.7","138,284.3",856.4,"1,610.7","1,188.0","81,294.2","7,956.0","1,221.0","3,504.9","4,579.4","16,321,717.5","4,484.6","43,169.7","27,222,195.0","10,842.4","1,424,052.1","1,088.7","83,555.3","1,221.0","19,015.9","7,956.0","1,610.7","1,617.0",#N/A,664.6,771.4
3/29/2016,"1,226.0","1,096.1","139,028.4",859.4,"1,613.8","1,196.3","81,519.8","7,983.1","1,226.0","3,508.4","4,598.2","16,425,335.0","4,503.0","43,450.7","27,350,834.0","10,886.8","1,426,879.9","1,096.1","84,605.5","1,226.0","18,874.3","7,983.1","1,613.8","1,620.1",#N/A,666.6,773.2
3/30/2016,"1,236.3","1,088.7","139,022.5",855.7,"1,599.7","1,189.2","82,059.2","8,007.7","1,236.3","3,501.1","4,636.6","16,401,946.9","4,540.7","43,566.7","27,549,213.1","10,977.8","1,422,552.8","1,088.7","83,253.7","1,236.3","18,337.7","8,007.7","1,599.7","1,606.5",#N/A,657.6,775.1
3/31/2016,"1,237.0","1,085.5","139,032.6",860.6,"1,600.0","1,184.6","81,917.2","8,000.4","1,237.0","3,483.0","4,639.6","16,402,620.0","4,543.5","43,517.7","27,576,441.0","10,984.5","1,414,633.0","1,085.5","82,705.8","1,237.0","18,193.8","8,000.4","1,600.0","1,608.1",#N/A,654.6,772.9
4/1/2016,"1,213.6","1,069.7","136,390.4",855.3,"1,588.8","1,167.8","80,367.6","7,845.7","1,213.6","3,435.8","4,551.4","15,970,974.1","4,457.5","42,615.5","27,056,601.9","10,776.7","1,400,736.9","1,069.7","82,536.9","1,213.6","17,998.6","7,845.7","1,588.8","1,588.5",#N/A,648.0,760.0
4/4/2016,"1,219.8","1,071.7","135,703.3",853.5,"1,592.7","1,170.6","80,790.1","7,885.4","1,219.8","3,429.4","4,574.1","16,059,838.4","4,480.1","43,026.7","27,195,546.0","10,831.3","1,397,894.2","1,071.7","83,158.8","1,219.8","17,966.4","7,885.4","1,592.7","1,602.1",#N/A,650.7,761.8
4/5/2016,"1,231.3","1,082.4","136,022.3",871.3,"1,623.0","1,178.9","81,859.6","7,969.8","1,231.3","3,484.3","4,617.2","16,275,893.8","4,522.4","43,472.4","27,452,565.6","10,933.4","1,422,278.3","1,082.4","85,330.2","1,231.3","18,472.3","7,969.8","1,623.0","1,633.5",#N/A,665.0,772.1
4/6/2016,"1,221.4","1,073.8","134,360.1",867.0,"1,605.7","1,169.0","81,449.0","7,917.0","1,221.4","3,483.3","4,580.3","16,149,960.2","4,486.2","43,124.6","27,237,217.8","10,846.0","1,412,182.5","1,073.8","83,495.7","1,221.4","18,572.9","7,917.0","1,605.7","1,615.2",#N/A,659.1,769.2
4/7/2016,"1,242.1","1,091.3","134,028.8",881.2,"1,634.7","1,186.0","82,636.9","8,040.7","1,242.1","3,548.4","4,658.1","16,346,034.1","4,562.4","43,697.1","27,692,616.2","11,029.8","1,430,153.7","1,091.3","84,765.5","1,242.1","18,914.1","8,040.7","1,634.7","1,652.3",#N/A,670.5,782.0
4/8/2016,"1,239.5","1,086.6","134,380.4",878.7,"1,608.1","1,181.4","82,463.9","8,026.1","1,239.5","3,528.7","4,648.2","16,290,128.8","4,552.7","43,518.8","27,634,032.8","11,006.7","1,430,196.9","1,086.6","83,083.7","1,239.5","18,504.1","8,026.1","1,608.1","1,637.4",#N/A,660.6,779.2
4/11/2016,"1,254.8","1,096.5","135,280.9",879.6,"1,620.4","1,193.6","83,375.0","8,118.0","1,254.8","3,552.3","4,705.5","16,471,730.6","4,608.8","44,004.1","27,974,651.3","11,142.1","1,438,759.0","1,096.5","83,796.1","1,254.8","18,460.8","8,118.0","1,620.4","1,649.8",#N/A,664.6,786.6
4/12/2016,"1,254.6","1,102.9","136,205.6",882.9,"1,611.7","1,200.8","83,368.2","8,104.2","1,254.6","3,563.4","4,704.9","16,452,195.2","4,608.1","43,936.1","27,971,303.7","11,140.8","1,437,583.1","1,102.9","82,771.5","1,254.6","18,414.4","8,104.2","1,611.7","1,644.2",#N/A,661.0,787.5
4/13/2016,"1,245.8","1,104.0","136,129.3",876.7,"1,591.3","1,202.1","82,973.2","8,057.3","1,245.8","3,546.2","4,671.7","16,394,070.0","4,575.6","43,626.2","27,792,682.5","11,062.2","1,427,442.5","1,104.0","81,676.0","1,245.8","18,153.7","8,057.3","1,591.3","1,630.6",#N/A,653.6,783.7
4/14/2016,"1,233.9","1,095.5","134,717.9",872.5,"1,584.0","1,193.1","82,180.6","8,004.6","1,233.9","3,519.3","4,627.1","16,259,056.4","4,532.0","43,209.4","27,539,528.7","10,956.5","1,427,564.3","1,095.5","81,440.2","1,233.9","17,906.2","8,004.6","1,584.0","1,601.2",#N/A,647.7,777.1
4/15/2016,"1,227.1","1,086.2","133,428.7",865.5,"1,579.9","1,186.2","81,731.0","7,953.6","1,227.1","3,500.7","4,601.8","16,167,040.6","4,507.1","42,973.0","27,369,848.7","10,896.6","1,406,440.4","1,086.2","81,752.5","1,227.1","17,931.6","7,953.6","1,579.9","1,592.8",#N/A,647.5,772.8
4/18/2016,"1,234.3","1,089.6","134,199.2",864.6,"1,585.6","1,188.9","82,148.8","7,998.6","1,234.3","3,504.6","4,628.7","16,261,899.9","4,533.6","43,231.3","27,530,440.0","10,960.5","1,419,691.6","1,089.6","82,229.0","1,234.3","17,870.1","7,998.6","1,585.6","1,593.3",#N/A,649.1,775.6
4/19/2016,"1,255.4","1,103.6","137,234.0",871.7,"1,588.5","1,205.1","83,553.1","8,125.2","1,255.4","3,550.6","4,708.1","16,505,370.2","4,611.1","43,813.4","27,990,396.2","11,147.9","1,425,820.4","1,103.6","82,277.3","1,255.4","17,927.1","8,125.2","1,588.5","1,607.2",#N/A,653.2,787.4
4/20/2016,"1,252.0","1,104.7","136,749.7",869.3,"1,585.4","1,208.9","82,901.2","8,099.6","1,252.0","3,526.2","4,695.3","16,452,532.0","4,598.6","43,644.7","27,911,462.0","11,117.7","1,421,333.0","1,104.7","82,311.2","1,252.0","17,854.8","8,099.6","1,585.4","1,603.4",#N/A,651.9,782.6
4/21/2016,"1,249.3","1,106.6","136,742.9",871.2,"1,587.7","1,215.1","82,906.5","8,094.1","1,249.3","3,529.1","4,684.7","16,437,006.9","4,588.6","43,736.9","27,844,533.3","11,093.3","1,415,400.3","1,106.6","82,412.3","1,249.3","17,844.5","8,094.1","1,587.7","1,607.8",#N/A,652.0,782.7
4/22/2016,"1,243.3","1,106.0","138,591.3",862.6,"1,572.6","1,215.0","82,719.6","8,072.4","1,243.3","3,530.1","4,662.5","16,407,791.9","4,566.6","43,562.8","27,710,799.3","11,040.0","1,421,221.1","1,106.0","82,202.1","1,243.3","17,904.0","8,072.4","1,572.6","1,609.2",#N/A,651.5,781.5
4/25/2016,"1,238.9","1,099.4","137,437.4",854.4,"1,568.8","1,207.0","82,603.6","8,049.1","1,238.9","3,525.8","4,646.1","16,350,381.5","4,550.5","43,500.3","27,629,326.2","11,001.4","1,422,133.1","1,099.4","82,194.8","1,238.9","17,970.1","8,049.1","1,568.8","1,603.3",#N/A,651.3,780.1
4/26/2016,"1,241.7","1,098.1","138,033.6",851.4,"1,567.7","1,207.8","82,604.1","8,062.1","1,241.7","3,507.1","4,656.7","16,390,439.4","4,560.6","43,651.3","27,688,667.2","11,026.2","1,429,258.5","1,098.1","82,000.3","1,241.7","17,916.2","8,062.1","1,567.7","1,604.1",#N/A,650.6,778.8